[{"stream_name":"stderr","time":6.207712466,"data":"0.00s - Debugger warning: It seems that frozen modules are being used, which may\n"}
,{"stream_name":"stderr","time":6.207775289,"data":"0.00s - make the debugger miss breakpoints. Please pass -Xfrozen_modules=off\n"}
,{"stream_name":"stderr","time":6.207779861,"data":"0.00s - to python to disable frozen modules.\n"}
,{"stream_name":"stderr","time":6.207782315,"data":"0.00s - Note: Debugging will proceed. Set PYDEVD_DISABLE_FILE_VALIDATION=1 to disable this validation.\n"}
,{"stream_name":"stderr","time":6.758423563,"data":"0.00s - Debugger warning: It seems that frozen modules are being used, which may\n"}
,{"stream_name":"stderr","time":6.758459666,"data":"0.00s - make the debugger miss breakpoints. Please pass -Xfrozen_modules=off\n"}
,{"stream_name":"stderr","time":6.758464988,"data":"0.00s - to python to disable frozen modules.\n"}
,{"stream_name":"stderr","time":6.758468753,"data":"0.00s - Note: Debugging will proceed. Set PYDEVD_DISABLE_FILE_VALIDATION=1 to disable this validation.\n"}
,{"stream_name":"stdout","time":7.95979909,"data":"Python: 3.12.13\n"}
,{"stream_name":"stdout","time":7.959850621,"data":"Platform: Linux-6.12.90+-x86_64-with-glibc2.35\n"}
,{"stream_name":"stdout","time":7.959856302,"data":"Top-level inputs:\n"}
,{"stream_name":"stdout","time":7.959860784,"data":" - /kaggle/input/notebooks\n"}
,{"stream_name":"stdout","time":7.959865147,"data":"\n"}
,{"stream_name":"stdout","time":7.959869268,"data":"Recursive preview (first 250 entries):\n"}
,{"stream_name":"stdout","time":7.95987357,"data":"/kaggle/input/notebooks\n"}
,{"stream_name":"stdout","time":7.959877167,"data":"/kaggle/input/notebooks/kryxen\n"}
,{"stream_name":"stdout","time":7.959880796,"data":"/kaggle/input/notebooks/kryxen/islmediapipline\n"}
,{"stream_name":"stdout","time":7.959884353,"data":"/kaggle/input/notebooks/kryxen/islmediapipline/__results___files\n"}
,{"stream_name":"stdout","time":7.959888026,"data":"/kaggle/input/notebooks/kryxen/islmediapipline/output\n"}
,{"stream_name":"stdout","time":7.959891997,"data":"/kaggle/input/notebooks/kryxen/islmediapipline/__notebook__.ipynb\n"}
,{"stream_name":"stdout","time":7.959895943,"data":"/kaggle/input/notebooks/kryxen/islmediapipline/__output__.json\n"}
,{"stream_name":"stdout","time":7.959904718,"data":"/kaggle/input/notebooks/kryxen/islmediapipline/__results__.html\n"}
,{"stream_name":"stdout","time":7.959907447,"data":"/kaggle/input/notebooks/kryxen/islmediapipline/custom.css\n"}
,{"stream_name":"stdout","time":7.959909877,"data":"/kaggle/input/notebooks/kryxen/islmediapipline/output/isl_include_landmarks\n"}
,{"stream_name":"stdout","time":15.387309067,"data":"/kaggle/input/notebooks/kryxen/islmediapipline/__results___files/__results___26_0.png\n"}
,{"stream_name":"stdout","time":15.387354286,"data":"/kaggle/input/notebooks/kryxen/islmediapipline/__results___files/__results___26_1.png\n"}
,{"stream_name":"stdout","time":15.420949635,"data":"\n"}
,{"stream_name":"stdout","time":15.420975598,"data":"Resolved paths:\n"}
,{"stream_name":"stdout","time":15.420982054,"data":"DATA_ROOT     = /kaggle/input/notebooks/kryxen/islmediapipline/output/isl_include_landmarks\n"}
,{"stream_name":"stdout","time":15.420993689,"data":"MANIFEST_PATH = /kaggle/input/notebooks/kryxen/islmediapipline/output/isl_include_landmarks/manifests/include_manifest.parquet\n"}
,{"stream_name":"stdout","time":15.420997714,"data":"NPZ_ROOT      = /kaggle/input/notebooks/kryxen/islmediapipline/output/isl_include_landmarks/landmarks\n"}
,{"stream_name":"stdout","time":15.421018069,"data":"OUTPUT_DIR    = /kaggle/working/output\n"}
,{"stream_name":"stdout","time":15.421024771999999,"data":"\n"}
,{"stream_name":"stdout","time":15.421044147,"data":"Configuration loaded successfully.\n"}
,{"stream_name":"stdout","time":21.523043976,"data":"PyTorch: 2.10.0+cu128\n"}
,{"stream_name":"stdout","time":21.523086601,"data":"Device: cuda\n"}
,{"stream_name":"stdout","time":21.523093513,"data":"GPU: Tesla T4\n"}
,{"stream_name":"stdout","time":25.068509123,"data":"Manifest candidates:\n"}
,{"stream_name":"stdout","time":25.068550781,"data":" - /kaggle/input/notebooks/kryxen/islmediapipline/output/isl_include_landmarks/manifests/include_manifest.parquet\n"}
,{"stream_name":"stdout","time":25.068558091,"data":" - /kaggle/input/notebooks/kryxen/islmediapipline/output/isl_include_landmarks/manifests/include_manifest.csv\n"}
,{"stream_name":"stdout","time":25.06856378,"data":"NPZ count: 4284\n"}
,{"stream_name":"stdout","time":25.06856878,"data":" - /kaggle/input/notebooks/kryxen/islmediapipline/output/isl_include_landmarks/landmarks/Adjectives/0009c316b96df4ed1e07.npz\n"}
,{"stream_name":"stdout","time":25.068574623,"data":" - /kaggle/input/notebooks/kryxen/islmediapipline/output/isl_include_landmarks/landmarks/Adjectives/001faf4d83f183b8b043.npz\n"}
,{"stream_name":"stdout","time":25.068579758,"data":" - /kaggle/input/notebooks/kryxen/islmediapipline/output/isl_include_landmarks/landmarks/Adjectives/006f1c5860f1074d9086.npz\n"}
,{"stream_name":"stdout","time":25.068584978,"data":" - /kaggle/input/notebooks/kryxen/islmediapipline/output/isl_include_landmarks/landmarks/Adjectives/007751dd57593bea8855.npz\n"}
,{"stream_name":"stdout","time":25.068589677,"data":" - /kaggle/input/notebooks/kryxen/islmediapipline/output/isl_include_landmarks/landmarks/Adjectives/00978209ef779622347c.npz\n"}
,{"stream_name":"stdout","time":25.068594369,"data":" - /kaggle/input/notebooks/kryxen/islmediapipline/output/isl_include_landmarks/landmarks/Adjectives/00f898fa1fd4f7a0a9f1.npz\n"}
,{"stream_name":"stdout","time":25.068599104,"data":" - /kaggle/input/notebooks/kryxen/islmediapipline/output/isl_include_landmarks/landmarks/Adjectives/01fd1d50c82fe0deafd1.npz\n"}
,{"stream_name":"stdout","time":25.068603726,"data":" - /kaggle/input/notebooks/kryxen/islmediapipline/output/isl_include_landmarks/landmarks/Adjectives/01fef7e3d08ce7833708.npz\n"}
,{"stream_name":"stdout","time":25.068613707,"data":" - /kaggle/input/notebooks/kryxen/islmediapipline/output/isl_include_landmarks/landmarks/Adjectives/021707d0677ee971374e.npz\n"}
,{"stream_name":"stdout","time":25.068631922,"data":" - /kaggle/input/notebooks/kryxen/islmediapipline/output/isl_include_landmarks/landmarks/Adjectives/0259afd9b9361a357742.npz\n"}
,{"stream_name":"stdout","time":25.068637541,"data":"DATA_ROOT= /kaggle/input/notebooks/kryxen/islmediapipline/output/isl_include_landmarks\n"}
,{"stream_name":"stdout","time":25.068642485,"data":"MANIFEST_PATH= /kaggle/input/notebooks/kryxen/islmediapipline/output/isl_include_landmarks/manifests/include_manifest.parquet\n"}
,{"stream_name":"stdout","time":25.068647751,"data":"NPZ_ROOT= /kaggle/input/notebooks/kryxen/islmediapipline/output/isl_include_landmarks/landmarks\n"}
,{"stream_name":"stdout","time":25.068652911,"data":"OUTPUT= /kaggle/working/output\n"}
,{"stream_name":"stdout","time":25.204717772,"data":"\n"}
,{"stream_name":"stdout","time":25.204753883,"data":"====================================================================================================\n"}
,{"stream_name":"stdout","time":25.204760128,"data":"FILE: /kaggle/input/notebooks/kryxen/islmediapipline/output/isl_include_landmarks/landmarks/Adjectives/0009c316b96df4ed1e07.npz\n"}
,{"stream_name":"stdout","time":25.204768698,"data":"Keys: ['pose', 'left_hand', 'right_hand', 'face', 'pose_mask', 'left_hand_mask', 'right_hand_mask', 'face_mask', 'sample_id', 'source', 'archive', 'category', 'label', 'label_raw', 'label_local_index', 'label_folder', 'source_relative_path', 'video_filename', 'frame_count', 'decoded_frame_count', 'reported_frame_count', 'frame_stride', 'fps', 'width', 'height', 'pose_detection_rate', 'left_hand_detection_rate', 'right_hand_detection_rate', 'face_detection_rate', 'landmark_count_mismatch_json', 'schema_version']\n"}
,{"stream_name":"stdout","time":25.204792572,"data":"pose                             shape=(52, 33, 4)          dtype=float32      finite=True\n"}
,{"stream_name":"stdout","time":25.204797839,"data":"left_hand                        shape=(52, 21, 3)          dtype=float32      finite=True\n"}
,{"stream_name":"stdout","time":25.204801654,"data":"right_hand                       shape=(52, 21, 3)          dtype=float32      finite=True\n"}
,{"stream_name":"stdout","time":25.204806075,"data":"face                             shape=(52, 468, 3)         dtype=float32      finite=True\n"}
,{"stream_name":"stdout","time":25.204810406,"data":"pose_mask                        shape=(52,)                dtype=bool         finite=True\n"}
,{"stream_name":"stdout","time":25.204814282,"data":"left_hand_mask                   shape=(52,)                dtype=bool         finite=True\n"}
,{"stream_name":"stdout","time":25.204818129,"data":"right_hand_mask                  shape=(52,)                dtype=bool         finite=True\n"}
,{"stream_name":"stdout","time":25.204821913,"data":"face_mask                        shape=(52,)                dtype=bool         finite=True\n"}
,{"stream_name":"stdout","time":25.204825764,"data":"sample_id                        shape=()                   dtype=\u003cU20         finite=True\n"}
,{"stream_name":"stdout","time":25.204829941,"data":"source                           shape=()                   dtype=\u003cU7          finite=True\n"}
,{"stream_name":"stdout","time":25.204833878,"data":"archive                          shape=()                   dtype=\u003cU19         finite=True\n"}
,{"stream_name":"stdout","time":25.204837825,"data":"category                         shape=()                   dtype=\u003cU10         finite=True\n"}
,{"stream_name":"stdout","time":25.204841765,"data":"label                            shape=()                   dtype=\u003cU3          finite=True\n"}
,{"stream_name":"stdout","time":25.204845591,"data":"label_raw                        shape=()                   dtype=\u003cU3          finite=True\n"}
,{"stream_name":"stdout","time":25.204850604,"data":"label_local_index                shape=()                   dtype=int32        finite=True\n"}
,{"stream_name":"stdout","time":25.204855246,"data":"label_folder                     shape=()                   dtype=\u003cU7          finite=True\n"}
,{"stream_name":"stdout","time":25.204859841,"data":"source_relative_path             shape=()                   dtype=\u003cU31         finite=True\n"}
,{"stream_name":"stdout","time":25.204864642,"data":"video_filename                   shape=()                   dtype=\u003cU12         finite=True\n"}
,{"stream_name":"stdout","time":25.204877451,"data":"frame_count                      shape=()                   dtype=int32        finite=True\n"}
,{"stream_name":"stdout","time":25.204881549,"data":"decoded_frame_count              shape=()                   dtype=int32        finite=True\n"}
,{"stream_name":"stdout","time":25.204885374,"data":"reported_frame_count             shape=()                   dtype=int32        finite=True\n"}
,{"stream_name":"stdout","time":25.204889119,"data":"frame_stride                     shape=()                   dtype=int32        finite=True\n"}
,{"stream_name":"stdout","time":25.204892946,"data":"fps                              shape=()                   dtype=float32      finite=True\n"}
,{"stream_name":"stdout","time":25.204901384,"data":"width                            shape=()                   dtype=int32        finite=True\n"}
,{"stream_name":"stdout","time":25.204905293,"data":"height                           shape=()                   dtype=int32        finite=True\n"}
,{"stream_name":"stdout","time":25.204909073,"data":"pose_detection_rate              shape=()                   dtype=float32      finite=True\n"}
,{"stream_name":"stdout","time":25.204912917,"data":"left_hand_detection_rate         shape=()                   dtype=float32      finite=True\n"}
,{"stream_name":"stdout","time":25.204916786,"data":"right_hand_detection_rate        shape=()                   dtype=float32      finite=True\n"}
,{"stream_name":"stdout","time":25.20492128,"data":"face_detection_rate              shape=()                   dtype=float32      finite=True\n"}
,{"stream_name":"stdout","time":25.204925957,"data":"landmark_count_mismatch_json     shape=()                   dtype=\u003cU56         finite=True\n"}
,{"stream_name":"stdout","time":25.204930434,"data":"schema_version                   shape=()                   dtype=\u003cU29         finite=True\n"}
,{"stream_name":"stdout","time":25.204935109,"data":"Sequence lengths: [52, 52, 52]\n"}
,{"stream_name":"stdout","time":25.204938685,"data":"\n"}
,{"stream_name":"stdout","time":25.204941923,"data":"====================================================================================================\n"}
,{"stream_name":"stdout","time":25.204945971,"data":"FILE: /kaggle/input/notebooks/kryxen/islmediapipline/output/isl_include_landmarks/landmarks/Adjectives/001faf4d83f183b8b043.npz\n"}
,{"stream_name":"stdout","time":25.204950396,"data":"Keys: ['pose', 'left_hand', 'right_hand', 'face', 'pose_mask', 'left_hand_mask', 'right_hand_mask', 'face_mask', 'sample_id', 'source', 'archive', 'category', 'label', 'label_raw', 'label_local_index', 'label_folder', 'source_relative_path', 'video_filename', 'frame_count', 'decoded_frame_count', 'reported_frame_count', 'frame_stride', 'fps', 'width', 'height', 'pose_detection_rate', 'left_hand_detection_rate', 'right_hand_detection_rate', 'face_detection_rate', 'landmark_count_mismatch_json', 'schema_version']\n"}
,{"stream_name":"stdout","time":25.204954884,"data":"pose                             shape=(73, 33, 4)          dtype=float32      finite=True\n"}
,{"stream_name":"stdout","time":25.204958319,"data":"left_hand                        shape=(73, 21, 3)          dtype=float32      finite=True\n"}
,{"stream_name":"stdout","time":25.20496173,"data":"right_hand                       shape=(73, 21, 3)          dtype=float32      finite=True\n"}
,{"stream_name":"stdout","time":25.204965222,"data":"face                             shape=(73, 468, 3)         dtype=float32      finite=True\n"}
,{"stream_name":"stdout","time":25.204968891,"data":"pose_mask                        shape=(73,)                dtype=bool         finite=True\n"}
,{"stream_name":"stdout","time":25.20497302,"data":"left_hand_mask                   shape=(73,)                dtype=bool         finite=True\n"}
,{"stream_name":"stdout","time":25.20497765,"data":"right_hand_mask                  shape=(73,)                dtype=bool         finite=True\n"}
,{"stream_name":"stdout","time":25.204981744,"data":"face_mask                        shape=(73,)                dtype=bool         finite=True\n"}
,{"stream_name":"stdout","time":25.204986002,"data":"sample_id                        shape=()                   dtype=\u003cU20         finite=True\n"}
,{"stream_name":"stdout","time":25.204990058,"data":"source                           shape=()                   dtype=\u003cU7          finite=True\n"}
,{"stream_name":"stdout","time":25.204999071,"data":"archive                          shape=()                   dtype=\u003cU19         finite=True\n"}
,{"stream_name":"stdout","time":25.205003591,"data":"category                         shape=()                   dtype=\u003cU10         finite=True\n"}
,{"stream_name":"stdout","time":25.205008068,"data":"label                            shape=()                   dtype=\u003cU4          finite=True\n"}
,{"stream_name":"stdout","time":25.205012488,"data":"label_raw                        shape=()                   dtype=\u003cU4          finite=True\n"}
,{"stream_name":"stdout","time":25.205016223,"data":"label_local_index                shape=()                   dtype=int32        finite=True\n"}
,{"stream_name":"stdout","time":25.205020518,"data":"label_folder                     shape=()                   dtype=\u003cU8          finite=True\n"}
,{"stream_name":"stdout","time":25.205024425,"data":"source_relative_path             shape=()                   dtype=\u003cU32         finite=True\n"}
,{"stream_name":"stdout","time":25.205028592,"data":"video_filename                   shape=()                   dtype=\u003cU12         finite=True\n"}
,{"stream_name":"stdout","time":25.205032928,"data":"frame_count                      shape=()                   dtype=int32        finite=True\n"}
,{"stream_name":"stdout","time":25.205038104,"data":"decoded_frame_count              shape=()                   dtype=int32        finite=True\n"}
,{"stream_name":"stdout","time":25.205041903,"data":"reported_frame_count             shape=()                   dtype=int32        finite=True\n"}
,{"stream_name":"stdout","time":25.205046436,"data":"frame_stride                     shape=()                   dtype=int32        finite=True\n"}
,{"stream_name":"stdout","time":25.205050628,"data":"fps                              shape=()                   dtype=float32      finite=True\n"}
,{"stream_name":"stdout","time":25.205055214,"data":"width                            shape=()                   dtype=int32        finite=True\n"}
,{"stream_name":"stdout","time":25.20505972,"data":"height                           shape=()                   dtype=int32        finite=True\n"}
,{"stream_name":"stdout","time":25.205063829,"data":"pose_detection_rate              shape=()                   dtype=float32      finite=True\n"}
,{"stream_name":"stdout","time":25.205068093,"data":"left_hand_detection_rate         shape=()                   dtype=float32      finite=True\n"}
,{"stream_name":"stdout","time":25.205072404,"data":"right_hand_detection_rate        shape=()                   dtype=float32      finite=True\n"}
,{"stream_name":"stdout","time":25.205076993,"data":"face_detection_rate              shape=()                   dtype=float32      finite=True\n"}
,{"stream_name":"stdout","time":25.205081516,"data":"landmark_count_mismatch_json     shape=()                   dtype=\u003cU56         finite=True\n"}
,{"stream_name":"stdout","time":25.205085962,"data":"schema_version                   shape=()                   dtype=\u003cU29         finite=True\n"}
,{"stream_name":"stdout","time":25.20509026,"data":"Sequence lengths: [73, 73, 73]\n"}
,{"stream_name":"stdout","time":25.205094504,"data":"\n"}
,{"stream_name":"stdout","time":25.205098505,"data":"====================================================================================================\n"}
,{"stream_name":"stdout","time":25.205102504,"data":"FILE: /kaggle/input/notebooks/kryxen/islmediapipline/output/isl_include_landmarks/landmarks/Adjectives/006f1c5860f1074d9086.npz\n"}
,{"stream_name":"stdout","time":25.205107163,"data":"Keys: ['pose', 'left_hand', 'right_hand', 'face', 'pose_mask', 'left_hand_mask', 'right_hand_mask', 'face_mask', 'sample_id', 'source', 'archive', 'category', 'label', 'label_raw', 'label_local_index', 'label_folder', 'source_relative_path', 'video_filename', 'frame_count', 'decoded_frame_count', 'reported_frame_count', 'frame_stride', 'fps', 'width', 'height', 'pose_detection_rate', 'left_hand_detection_rate', 'right_hand_detection_rate', 'face_detection_rate', 'landmark_count_mismatch_json', 'schema_version']\n"}
,{"stream_name":"stdout","time":25.205117188,"data":"pose                             shape=(94, 33, 4)          dtype=float32      finite=True\n"}
,{"stream_name":"stdout","time":25.205121484,"data":"left_hand                        shape=(94, 21, 3)          dtype=float32      finite=True\n"}
,{"stream_name":"stdout","time":25.205126576,"data":"right_hand                       shape=(94, 21, 3)          dtype=float32      finite=True\n"}
,{"stream_name":"stdout","time":25.205131244,"data":"face                             shape=(94, 468, 3)         dtype=float32      finite=True\n"}
,{"stream_name":"stdout","time":25.205135903,"data":"pose_mask                        shape=(94,)                dtype=bool         finite=True\n"}
,{"stream_name":"stdout","time":25.205139795,"data":"left_hand_mask                   shape=(94,)                dtype=bool         finite=True\n"}
,{"stream_name":"stdout","time":25.205144393,"data":"right_hand_mask                  shape=(94,)                dtype=bool         finite=True\n"}
,{"stream_name":"stdout","time":25.205148995,"data":"face_mask                        shape=(94,)                dtype=bool         finite=True\n"}
,{"stream_name":"stdout","time":25.205153286,"data":"sample_id                        shape=()                   dtype=\u003cU20         finite=True\n"}
,{"stream_name":"stdout","time":25.205157196,"data":"source                           shape=()                   dtype=\u003cU7          finite=True\n"}
,{"stream_name":"stdout","time":25.205161628,"data":"archive                          shape=()                   dtype=\u003cU19         finite=True\n"}
,{"stream_name":"stdout","time":25.205166094,"data":"category                         shape=()                   dtype=\u003cU10         finite=True\n"}
,{"stream_name":"stdout","time":25.205170741,"data":"label                            shape=()                   dtype=\u003cU7          finite=True\n"}
,{"stream_name":"stdout","time":25.205175014,"data":"label_raw                        shape=()                   dtype=\u003cU7          finite=True\n"}
,{"stream_name":"stdout","time":25.205179417,"data":"label_local_index                shape=()                   dtype=int32        finite=True\n"}
,{"stream_name":"stdout","time":25.205183971,"data":"label_folder                     shape=()                   dtype=\u003cU11         finite=True\n"}
,{"stream_name":"stdout","time":25.205188399,"data":"source_relative_path             shape=()                   dtype=\u003cU35         finite=True\n"}
,{"stream_name":"stdout","time":25.205192695,"data":"video_filename                   shape=()                   dtype=\u003cU12         finite=True\n"}
,{"stream_name":"stdout","time":25.205196866,"data":"frame_count                      shape=()                   dtype=int32        finite=True\n"}
,{"stream_name":"stdout","time":25.205201344,"data":"decoded_frame_count              shape=()                   dtype=int32        finite=True\n"}
,{"stream_name":"stdout","time":25.205205749,"data":"reported_frame_count             shape=()                   dtype=int32        finite=True\n"}
,{"stream_name":"stdout","time":25.20521016,"data":"frame_stride                     shape=()                   dtype=int32        finite=True\n"}
,{"stream_name":"stdout","time":25.205217809,"data":"fps                              shape=()                   dtype=float32      finite=True\n"}
,{"stream_name":"stdout","time":25.205222089,"data":"width                            shape=()                   dtype=int32        finite=True\n"}
,{"stream_name":"stdout","time":25.205226476,"data":"height                           shape=()                   dtype=int32        finite=True\n"}
,{"stream_name":"stdout","time":25.205231174,"data":"pose_detection_rate              shape=()                   dtype=float32      finite=True\n"}
,{"stream_name":"stdout","time":25.205235543,"data":"left_hand_detection_rate         shape=()                   dtype=float32      finite=True\n"}
,{"stream_name":"stdout","time":25.205239629,"data":"right_hand_detection_rate        shape=()                   dtype=float32      finite=True\n"}
,{"stream_name":"stdout","time":25.205244141,"data":"face_detection_rate              shape=()                   dtype=float32      finite=True\n"}
,{"stream_name":"stdout","time":25.205248541,"data":"landmark_count_mismatch_json     shape=()                   dtype=\u003cU56         finite=True\n"}
,{"stream_name":"stdout","time":25.205253099,"data":"schema_version                   shape=()                   dtype=\u003cU29         finite=True\n"}
,{"stream_name":"stdout","time":25.20525741,"data":"Sequence lengths: [94, 94, 94]\n"}
,{"stream_name":"stdout","time":25.20526056,"data":"\n"}
,{"stream_name":"stdout","time":25.205263985,"data":"====================================================================================================\n"}
,{"stream_name":"stdout","time":25.205268569,"data":"FILE: /kaggle/input/notebooks/kryxen/islmediapipline/output/isl_include_landmarks/landmarks/Adjectives/007751dd57593bea8855.npz\n"}
,{"stream_name":"stdout","time":25.205273453,"data":"Keys: ['pose', 'left_hand', 'right_hand', 'face', 'pose_mask', 'left_hand_mask', 'right_hand_mask', 'face_mask', 'sample_id', 'source', 'archive', 'category', 'label', 'label_raw', 'label_local_index', 'label_folder', 'source_relative_path', 'video_filename', 'frame_count', 'decoded_frame_count', 'reported_frame_count', 'frame_stride', 'fps', 'width', 'height', 'pose_detection_rate', 'left_hand_detection_rate', 'right_hand_detection_rate', 'face_detection_rate', 'landmark_count_mismatch_json', 'schema_version']\n"}
,{"stream_name":"stdout","time":25.205279386,"data":"pose                             shape=(68, 33, 4)          dtype=float32      finite=True\n"}
,{"stream_name":"stdout","time":25.205283796,"data":"left_hand                        shape=(68, 21, 3)          dtype=float32      finite=True\n"}
,{"stream_name":"stdout","time":25.205288103,"data":"right_hand                       shape=(68, 21, 3)          dtype=float32      finite=True\n"}
,{"stream_name":"stdout","time":25.205292693,"data":"face                             shape=(68, 468, 3)         dtype=float32      finite=True\n"}
,{"stream_name":"stdout","time":25.205297178,"data":"pose_mask                        shape=(68,)                dtype=bool         finite=True\n"}
,{"stream_name":"stdout","time":25.205301231,"data":"left_hand_mask                   shape=(68,)                dtype=bool         finite=True\n"}
,{"stream_name":"stdout","time":25.205305723,"data":"right_hand_mask                  shape=(68,)                dtype=bool         finite=True\n"}
,{"stream_name":"stdout","time":25.205310133,"data":"face_mask                        shape=(68,)                dtype=bool         finite=True\n"}
,{"stream_name":"stdout","time":25.20531467,"data":"sample_id                        shape=()                   dtype=\u003cU20         finite=True\n"}
,{"stream_name":"stdout","time":25.205318751,"data":"source                           shape=()                   dtype=\u003cU7          finite=True\n"}
,{"stream_name":"stdout","time":25.205326654,"data":"archive                          shape=()                   dtype=\u003cU19         finite=True\n"}
,{"stream_name":"stdout","time":25.205331474,"data":"category                         shape=()                   dtype=\u003cU10         finite=True\n"}
,{"stream_name":"stdout","time":25.205335711,"data":"label                            shape=()                   dtype=\u003cU9          finite=True\n"}
,{"stream_name":"stdout","time":25.205431234,"data":"label_raw                        shape=()                   dtype=\u003cU9          finite=True\n"}
,{"stream_name":"stdout","time":25.20543965,"data":"label_local_index                shape=()                   dtype=int32        finite=True\n"}
,{"stream_name":"stdout","time":25.205444108,"data":"label_folder                     shape=()                   dtype=\u003cU12         finite=True\n"}
,{"stream_name":"stdout","time":25.205448801,"data":"source_relative_path             shape=()                   dtype=\u003cU36         finite=True\n"}
,{"stream_name":"stdout","time":25.20545339,"data":"video_filename                   shape=()                   dtype=\u003cU12         finite=True\n"}
,{"stream_name":"stdout","time":25.205457314,"data":"frame_count                      shape=()                   dtype=int32        finite=True\n"}
,{"stream_name":"stdout","time":25.205461328,"data":"decoded_frame_count              shape=()                   dtype=int32        finite=True\n"}
,{"stream_name":"stdout","time":25.205465805,"data":"reported_frame_count             shape=()                   dtype=int32        finite=True\n"}
,{"stream_name":"stdout","time":25.205470248,"data":"frame_stride                     shape=()                   dtype=int32        finite=True\n"}
,{"stream_name":"stdout","time":25.205497089,"data":"fps                              shape=()                   dtype=float32      finite=True\n"}
,{"stream_name":"stdout","time":25.20550283,"data":"width                            shape=()                   dtype=int32        finite=True\n"}
,{"stream_name":"stdout","time":25.205507215,"data":"height                           shape=()                   dtype=int32        finite=True\n"}
,{"stream_name":"stdout","time":25.205511588,"data":"pose_detection_rate              shape=()                   dtype=float32      finite=True\n"}
,{"stream_name":"stdout","time":25.205516165,"data":"left_hand_detection_rate         shape=()                   dtype=float32      finite=True\n"}
,{"stream_name":"stdout","time":25.205520272,"data":"right_hand_detection_rate        shape=()                   dtype=float32      finite=True\n"}
,{"stream_name":"stdout","time":25.205524247,"data":"face_detection_rate              shape=()                   dtype=float32      finite=True\n"}
,{"stream_name":"stdout","time":25.205528666,"data":"landmark_count_mismatch_json     shape=()                   dtype=\u003cU56         finite=True\n"}
,{"stream_name":"stdout","time":25.205535239,"data":"schema_version                   shape=()                   dtype=\u003cU29         finite=True\n"}
,{"stream_name":"stdout","time":25.205539503,"data":"Sequence lengths: [68, 68, 68]\n"}
,{"stream_name":"stdout","time":25.205543661,"data":"\n"}
,{"stream_name":"stdout","time":25.205547671,"data":"====================================================================================================\n"}
,{"stream_name":"stdout","time":25.205552194,"data":"FILE: /kaggle/input/notebooks/kryxen/islmediapipline/output/isl_include_landmarks/landmarks/Adjectives/00978209ef779622347c.npz\n"}
,{"stream_name":"stdout","time":25.205557055,"data":"Keys: ['pose', 'left_hand', 'right_hand', 'face', 'pose_mask', 'left_hand_mask', 'right_hand_mask', 'face_mask', 'sample_id', 'source', 'archive', 'category', 'label', 'label_raw', 'label_local_index', 'label_folder', 'source_relative_path', 'video_filename', 'frame_count', 'decoded_frame_count', 'reported_frame_count', 'frame_stride', 'fps', 'width', 'height', 'pose_detection_rate', 'left_hand_detection_rate', 'right_hand_detection_rate', 'face_detection_rate', 'landmark_count_mismatch_json', 'schema_version']\n"}
,{"stream_name":"stdout","time":25.205568881,"data":"pose                             shape=(47, 33, 4)          dtype=float32      finite=True\n"}
,{"stream_name":"stdout","time":25.205573545,"data":"left_hand                        shape=(47, 21, 3)          dtype=float32      finite=True\n"}
,{"stream_name":"stdout","time":25.205578219,"data":"right_hand                       shape=(47, 21, 3)          dtype=float32      finite=True\n"}
,{"stream_name":"stdout","time":25.205582153,"data":"face                             shape=(47, 468, 3)         dtype=float32      finite=True\n"}
,{"stream_name":"stdout","time":25.20558669,"data":"pose_mask                        shape=(47,)                dtype=bool         finite=True\n"}
,{"stream_name":"stdout","time":25.205591623,"data":"left_hand_mask                   shape=(47,)                dtype=bool         finite=True\n"}
,{"stream_name":"stdout","time":25.205595848,"data":"right_hand_mask                  shape=(47,)                dtype=bool         finite=True\n"}
,{"stream_name":"stdout","time":25.205600215,"data":"face_mask                        shape=(47,)                dtype=bool         finite=True\n"}
,{"stream_name":"stdout","time":25.205604123,"data":"sample_id                        shape=()                   dtype=\u003cU20         finite=True\n"}
,{"stream_name":"stdout","time":25.205608759,"data":"source                           shape=()                   dtype=\u003cU7          finite=True\n"}
,{"stream_name":"stdout","time":25.205613241000002,"data":"archive                          shape=()                   dtype=\u003cU19         finite=True\n"}
,{"stream_name":"stdout","time":25.205617514,"data":"category                         shape=()                   dtype=\u003cU10         finite=True\n"}
,{"stream_name":"stdout","time":25.205621451,"data":"label                            shape=()                   dtype=\u003cU4          finite=True\n"}
,{"stream_name":"stdout","time":25.205625825,"data":"label_raw                        shape=()                   dtype=\u003cU4          finite=True\n"}
,{"stream_name":"stdout","time":25.205629985,"data":"label_local_index                shape=()                   dtype=int32        finite=True\n"}
,{"stream_name":"stdout","time":25.205634532,"data":"label_folder                     shape=()                   dtype=\u003cU8          finite=True\n"}
,{"stream_name":"stdout","time":25.205638015,"data":"source_relative_path             shape=()                   dtype=\u003cU32         finite=True\n"}
,{"stream_name":"stdout","time":25.205641488,"data":"video_filename                   shape=()                   dtype=\u003cU12         finite=True\n"}
,{"stream_name":"stdout","time":25.205645856,"data":"frame_count                      shape=()                   dtype=int32        finite=True\n"}
,{"stream_name":"stdout","time":25.205650335,"data":"decoded_frame_count              shape=()                   dtype=int32        finite=True\n"}
,{"stream_name":"stdout","time":25.205654874,"data":"reported_frame_count             shape=()                   dtype=int32        finite=True\n"}
,{"stream_name":"stdout","time":25.205659174,"data":"frame_stride                     shape=()                   dtype=int32        finite=True\n"}
,{"stream_name":"stdout","time":25.205687052,"data":"fps                              shape=()                   dtype=float32      finite=True\n"}
,{"stream_name":"stdout","time":25.205692032,"data":"width                            shape=()                   dtype=int32        finite=True\n"}
,{"stream_name":"stdout","time":25.205696383,"data":"height                           shape=()                   dtype=int32        finite=True\n"}
,{"stream_name":"stdout","time":25.205700694,"data":"pose_detection_rate              shape=()                   dtype=float32      finite=True\n"}
,{"stream_name":"stdout","time":25.205705161,"data":"left_hand_detection_rate         shape=()                   dtype=float32      finite=True\n"}
,{"stream_name":"stdout","time":25.20570945,"data":"right_hand_detection_rate        shape=()                   dtype=float32      finite=True\n"}
,{"stream_name":"stdout","time":25.205713923,"data":"face_detection_rate              shape=()                   dtype=float32      finite=True\n"}
,{"stream_name":"stdout","time":25.205717837,"data":"landmark_count_mismatch_json     shape=()                   dtype=\u003cU56         finite=True\n"}
,{"stream_name":"stdout","time":25.20572242,"data":"schema_version                   shape=()                   dtype=\u003cU29         finite=True\n"}
,{"stream_name":"stdout","time":25.20572705,"data":"Sequence lengths: [47, 47, 47]\n"}
,{"stream_name":"stdout","time":25.410389041,"data":"Rows: 4284\n"}
,{"stream_name":"stdout","time":25.410435692,"data":"Columns: ['sample_id', 'source', 'archive', 'category', 'label', 'label_raw', 'label_local_index', 'source_relative_path', 'video_filename', 'landmark_path', 'frames', 'fps', 'width', 'height', 'pose_detection_rate', 'left_hand_detection_rate', 'right_hand_detection_rate', 'face_detection_rate', 'schema_version', 'file_bytes', 'class_key', 'class_id', 'split']\n"}
,{"stream_name":"stdout","time":25.417355808,"data":"Detected: {'label': 'class_key', 'sample_id': 'sample_id', 'npz_path': 'landmark_path', 'split': 'split', 'signer': None, 'source': 'source'}\n"}
,{"stream_name":"stdout","time":69.146347298,"data":"{\n"}
,{"stream_name":"stdout","time":69.146393736,"data":"  \"npz_files_under_npz_root\": 4284,\n"}
,{"stream_name":"stdout","time":69.14640033,"data":"  \"manifest_rows\": 4284,\n"}
,{"stream_name":"stdout","time":69.14640509,"data":"  \"valid_samples\": 4284,\n"}
,{"stream_name":"stdout","time":69.146409824,"data":"  \"invalid_samples\": 0,\n"}
,{"stream_name":"stdout","time":69.146415174,"data":"  \"min_sequence_length\": 33,\n"}
,{"stream_name":"stdout","time":69.146419854,"data":"  \"max_sequence_length\": 154,\n"}
,{"stream_name":"stdout","time":69.146425257,"data":"  \"median_sequence_length\": 62.0,\n"}
,{"stream_name":"stdout","time":69.146429928,"data":"  \"mean_sequence_length\": 64.27054154995332,\n"}
,{"stream_name":"stdout","time":69.146434565,"data":"  \"percentage_samples_with_any_missing_left_hand\": 63.93557422969187,\n"}
,{"stream_name":"stdout","time":69.146439195,"data":"  \"percentage_samples_with_any_missing_right_hand\": 99.90662931839402,\n"}
,{"stream_name":"stdout","time":69.146443818,"data":"  \"percentage_samples_with_any_missing_pose\": 0.0,\n"}
,{"stream_name":"stdout","time":69.146448444,"data":"  \"percentage_samples_with_no_left_hand_detected\": 0.30345471521942113,\n"}
,{"stream_name":"stdout","time":69.146455627,"data":"  \"percentage_samples_with_no_right_hand_detected\": 0.02334267040149393,\n"}
,{"stream_name":"stdout","time":69.146460389,"data":"  \"percentage_samples_with_no_pose_detected\": 0.0,\n"}
,{"stream_name":"stdout","time":69.146465029,"data":"  \"missing_left_hand_frame_rate\": 19.075308260845876,\n"}
,{"stream_name":"stdout","time":69.146486277,"data":"  \"missing_right_hand_frame_rate\": 28.78239235839977,\n"}
,{"stream_name":"stdout","time":69.146490043,"data":"  \"missing_pose_frame_rate\": 0.0,\n"}
,{"stream_name":"stdout","time":69.146493662,"data":"  \"samples_containing_nan\": 0,\n"}
,{"stream_name":"stdout","time":69.146497125,"data":"  \"samples_containing_inf\": 0,\n"}
,{"stream_name":"stdout","time":69.14651744,"data":"  \"class_distribution\": {\n"}
,{"stream_name":"stdout","time":69.146520778,"data":"    \"adjectives::alive\": 8,\n"}
,{"stream_name":"stdout","time":69.146524686,"data":"    \"adjectives::bad\": 21,\n"}
,{"stream_name":"stdout","time":69.146528151,"data":"    \"adjectives::beautiful\": 9,\n"}
,{"stream_name":"stdout","time":69.146531796,"data":"    \"adjectives::big large\": 21,\n"}
,{"stream_name":"stdout","time":69.146535229,"data":"    \"adjectives::blind\": 8,\n"}
,{"stream_name":"stdout","time":69.14653896,"data":"    \"adjectives::cheap\": 8,\n"}
,{"stream_name":"stdout","time":69.146542575,"data":"    \"adjectives::clean\": 8,\n"}
,{"stream_name":"stdout","time":69.146546314,"data":"    \"adjectives::cold\": 20,\n"}
,{"stream_name":"stdout","time":69.146549745,"data":"    \"adjectives::cool\": 21,\n"}
,{"stream_name":"stdout","time":69.146561494,"data":"    \"adjectives::curved\": 8,\n"}
,{"stream_name":"stdout","time":69.146565371,"data":"    \"adjectives::dead\": 8,\n"}
,{"stream_name":"stdout","time":69.146568913,"data":"    \"adjectives::deaf\": 8,\n"}
,{"stream_name":"stdout","time":69.146572565,"data":"    \"adjectives::deep\": 8,\n"}
,{"stream_name":"stdout","time":69.146576031,"data":"    \"adjectives::dirty\": 8,\n"}
,{"stream_name":"stdout","time":69.146579692,"data":"    \"adjectives::dry\": 21,\n"}
,{"stream_name":"stdout","time":69.14658346,"data":"    \"adjectives::expensive\": 8,\n"}
,{"stream_name":"stdout","time":69.146587133,"data":"    \"adjectives::famous\": 8,\n"}
,{"stream_name":"stdout","time":69.146590344,"data":"    \"adjectives::fast\": 21,\n"}
,{"stream_name":"stdout","time":69.146593741,"data":"    \"adjectives::female\": 8,\n"}
,{"stream_name":"stdout","time":69.146597103,"data":"    \"adjectives::flat\": 8,\n"}
,{"stream_name":"stdout","time":69.14660069,"data":"    \"adjectives::good\": 21,\n"}
,{"stream_name":"stdout","time":69.146604155,"data":"    \"adjectives::happy\": 21,\n"}
,{"stream_name":"stdout","time":69.146607597,"data":"    \"adjectives::hard\": 8,\n"}
,{"stream_name":"stdout","time":69.146611005,"data":"    \"adjectives::healthy\": 21,\n"}
,{"stream_name":"stdout","time":69.146614467,"data":"    \"adjectives::heavy\": 8,\n"}
,{"stream_name":"stdout","time":69.14661812,"data":"    \"adjectives::high\": 8,\n"}
,{"stream_name":"stdout","time":69.146621754,"data":"    \"adjectives::hot\": 21,\n"}
,{"stream_name":"stdout","time":69.146625235,"data":"    \"adjectives::light\": 8,\n"}
,{"stream_name":"stdout","time":69.146628867,"data":"    \"adjectives::long\": 21,\n"}
,{"stream_name":"stdout","time":69.146632563,"data":"    \"adjectives::loose\": 8,\n"}
,{"stream_name":"stdout","time":69.146636313,"data":"    \"adjectives::loud\": 21,\n"}
,{"stream_name":"stdout","time":69.146640142,"data":"    \"adjectives::low\": 8,\n"}
,{"stream_name":"stdout","time":69.146643982,"data":"    \"adjectives::male\": 8,\n"}
,{"stream_name":"stdout","time":69.146647749,"data":"    \"adjectives::mean\": 8,\n"}
,{"stream_name":"stdout","time":69.146651839,"data":"    \"adjectives::narrow\": 21,\n"}
,{"stream_name":"stdout","time":69.146682317,"data":"    \"adjectives::new\": 21,\n"}
,{"stream_name":"stdout","time":69.146690621,"data":"    \"adjectives::nice\": 4,\n"}
,{"stream_name":"stdout","time":69.146694893,"data":"    \"adjectives::old\": 21,\n"}
,{"stream_name":"stdout","time":69.146698297,"data":"    \"adjectives::poor\": 8,\n"}
,{"stream_name":"stdout","time":69.146701667,"data":"    \"adjectives::quiet\": 21,\n"}
,{"stream_name":"stdout","time":69.146705207,"data":"    \"adjectives::rich\": 8,\n"}
,{"stream_name":"stdout","time":69.146709121,"data":"    \"adjectives::sad\": 8,\n"}
,{"stream_name":"stdout","time":69.146715918,"data":"    \"adjectives::shallow\": 8,\n"}
,{"stream_name":"stdout","time":69.146719724,"data":"    \"adjectives::short\": 22,\n"}
,{"stream_name":"stdout","time":69.146723305,"data":"    \"adjectives::sick\": 21,\n"}
,{"stream_name":"stdout","time":69.146726861,"data":"    \"adjectives::slow\": 21,\n"}
,{"stream_name":"stdout","time":69.146730603,"data":"    \"adjectives::small little\": 22,\n"}
,{"stream_name":"stdout","time":69.146734144,"data":"    \"adjectives::soft\": 8,\n"}
,{"stream_name":"stdout","time":69.146737555,"data":"    \"adjectives::strong\": 8,\n"}
,{"stream_name":"stdout","time":69.146752924,"data":"    \"adjectives::tall\": 21,\n"}
,{"stream_name":"stdout","time":69.146756376,"data":"    \"adjectives::thick\": 8,\n"}
,{"stream_name":"stdout","time":69.14675938,"data":"    \"adjectives::thin\": 4,\n"}
,{"stream_name":"stdout","time":69.14676258,"data":"    \"adjectives::tight\": 8,\n"}
,{"stream_name":"stdout","time":69.146766193,"data":"    \"adjectives::ugly\": 8,\n"}
,{"stream_name":"stdout","time":69.146769537,"data":"    \"adjectives::warm\": 21,\n"}
,{"stream_name":"stdout","time":69.146772902,"data":"    \"adjectives::weak\": 8,\n"}
,{"stream_name":"stdout","time":69.146776323,"data":"    \"adjectives::wet\": 21,\n"}
,{"stream_name":"stdout","time":69.146779783,"data":"    \"adjectives::wide\": 21,\n"}
,{"stream_name":"stdout","time":69.146783186,"data":"    \"adjectives::young\": 21,\n"}
,{"stream_name":"stdout","time":69.146786246,"data":"    \"animals::animal\": 20,\n"}
,{"stream_name":"stdout","time":69.146789346,"data":"    \"animals::bird\": 25,\n"}
,{"stream_name":"stdout","time":69.146792575,"data":"    \"animals::cat\": 20,\n"}
,{"stream_name":"stdout","time":69.146795845,"data":"    \"animals::cow\": 21,\n"}
,{"stream_name":"stdout","time":69.146799371,"data":"    \"animals::dog\": 20,\n"}
,{"stream_name":"stdout","time":69.146802441,"data":"    \"animals::fish\": 20,\n"}
,{"stream_name":"stdout","time":69.146805652,"data":"    \"animals::horse\": 20,\n"}
,{"stream_name":"stdout","time":69.146809014,"data":"    \"animals::mouse\": 20,\n"}
,{"stream_name":"stdout","time":69.146812781,"data":"    \"clothes::clothing\": 20,\n"}
,{"stream_name":"stdout","time":69.146816128,"data":"    \"clothes::dress\": 20,\n"}
,{"stream_name":"stdout","time":69.146819486,"data":"    \"clothes::hat\": 20,\n"}
,{"stream_name":"stdout","time":69.146822873,"data":"    \"clothes::pant\": 20,\n"}
,{"stream_name":"stdout","time":69.146826201,"data":"    \"clothes::pocket\": 20,\n"}
,{"stream_name":"stdout","time":69.146829561,"data":"    \"clothes::shirt\": 20,\n"}
,{"stream_name":"stdout","time":69.146832876,"data":"    \"clothes::shoes\": 20,\n"}
,{"stream_name":"stdout","time":69.146836249,"data":"    \"clothes::skirt\": 19,\n"}
,{"stream_name":"stdout","time":69.146839911,"data":"    \"clothes::suit\": 19,\n"}
,{"stream_name":"stdout","time":69.146852525,"data":"    \"clothes::t-shirt\": 20,\n"}
,{"stream_name":"stdout","time":69.146856023,"data":"    \"colours::black\": 20,\n"}
,{"stream_name":"stdout","time":69.14685941,"data":"    \"colours::blue\": 20,\n"}
,{"stream_name":"stdout","time":69.146863195,"data":"    \"colours::brown\": 21,\n"}
,{"stream_name":"stdout","time":69.146866649,"data":"    \"colours::colour\": 20,\n"}
,{"stream_name":"stdout","time":69.146870153,"data":"    \"colours::green\": 20,\n"}
,{"stream_name":"stdout","time":69.146873625,"data":"    \"colours::grey\": 21,\n"}
,{"stream_name":"stdout","time":69.146877205,"data":"    \"colours::orange\": 20,\n"}
,{"stream_name":"stdout","time":69.146880835,"data":"    \"colours::pink\": 20,\n"}
,{"stream_name":"stdout","time":69.146884285,"data":"    \"colours::red\": 20,\n"}
,{"stream_name":"stdout","time":69.146887812,"data":"    \"colours::white\": 20,\n"}
,{"stream_name":"stdout","time":69.146891438,"data":"    \"colours::yellow\": 20,\n"}
,{"stream_name":"stdout","time":69.146894842,"data":"    \"days and time::afternoon\": 14,\n"}
,{"stream_name":"stdout","time":69.146898275,"data":"    \"days and time::evening\": 14,\n"}
,{"stream_name":"stdout","time":69.146901731,"data":"    \"days and time::friday\": 14,\n"}
,{"stream_name":"stdout","time":69.146905109,"data":"    \"days and time::hour\": 14,\n"}
,{"stream_name":"stdout","time":69.146908618,"data":"    \"days and time::minute\": 14,\n"}
,{"stream_name":"stdout","time":69.146912116,"data":"    \"days and time::monday\": 14,\n"}
,{"stream_name":"stdout","time":69.146915673,"data":"    \"days and time::month\": 14,\n"}
,{"stream_name":"stdout","time":69.146919151,"data":"    \"days and time::morning\": 14,\n"}
,{"stream_name":"stdout","time":69.146922797,"data":"    \"days and time::night\": 15,\n"}
,{"stream_name":"stdout","time":69.146926367,"data":"    \"days and time::saturday\": 14,\n"}
,{"stream_name":"stdout","time":69.14692987,"data":"    \"days and time::second\": 15,\n"}
,{"stream_name":"stdout","time":69.146933153,"data":"    \"days and time::sunday\": 14,\n"}
,{"stream_name":"stdout","time":69.146936665,"data":"    \"days and time::thursday\": 14,\n"}
,{"stream_name":"stdout","time":69.146940081,"data":"    \"days and time::time\": 15,\n"}
,{"stream_name":"stdout","time":69.146943596,"data":"    \"days and time::today\": 14,\n"}
,{"stream_name":"stdout","time":69.14694711,"data":"    \"days and time::tomorrow\": 14,\n"}
,{"stream_name":"stdout","time":69.14695048,"data":"    \"days and time::tuesday\": 14,\n"}
,{"stream_name":"stdout","time":69.146953928,"data":"    \"days and time::wednesday\": 14,\n"}
,{"stream_name":"stdout","time":69.146957568,"data":"    \"days and time::week\": 14,\n"}
,{"stream_name":"stdout","time":69.146961022,"data":"    \"days and time::year\": 15,\n"}
,{"stream_name":"stdout","time":69.146964271,"data":"    \"days and time::yesterday\": 14,\n"}
,{"stream_name":"stdout","time":69.146967669,"data":"    \"electronics::camera\": 14,\n"}
,{"stream_name":"stdout","time":69.146971196,"data":"    \"electronics::cell phone\": 14,\n"}
,{"stream_name":"stdout","time":69.146974786,"data":"    \"electronics::clock\": 13,\n"}
,{"stream_name":"stdout","time":69.146979309,"data":"    \"electronics::computer\": 14,\n"}
,{"stream_name":"stdout","time":69.146982868,"data":"    \"electronics::fan\": 15,\n"}
,{"stream_name":"stdout","time":69.14698626,"data":"    \"electronics::lamp\": 14,\n"}
,{"stream_name":"stdout","time":69.146989561,"data":"    \"electronics::laptop\": 14,\n"}
,{"stream_name":"stdout","time":69.146996593,"data":"    \"electronics::radio\": 14,\n"}
,{"stream_name":"stdout","time":69.147000087,"data":"    \"electronics::screen\": 14,\n"}
,{"stream_name":"stdout","time":69.147003563,"data":"    \"electronics::television\": 14,\n"}
,{"stream_name":"stdout","time":69.147006938,"data":"    \"greetings::alright\": 21,\n"}
,{"stream_name":"stdout","time":69.147010261,"data":"    \"greetings::good afternoon\": 22,\n"}
,{"stream_name":"stdout","time":69.147013391,"data":"    \"greetings::good evening\": 21,\n"}
,{"stream_name":"stdout","time":69.147016702,"data":"    \"greetings::good morning\": 21,\n"}
,{"stream_name":"stdout","time":69.147019919,"data":"    \"greetings::good night\": 21,\n"}
,{"stream_name":"stdout","time":69.147023395,"data":"    \"greetings::hello\": 21,\n"}
,{"stream_name":"stdout","time":69.147026675,"data":"    \"greetings::how are you\": 21,\n"}
,{"stream_name":"stdout","time":69.147029849,"data":"    \"greetings::pleased\": 21,\n"}
,{"stream_name":"stdout","time":69.147033177,"data":"    \"greetings::thank you\": 21,\n"}
,{"stream_name":"stdout","time":69.147036446,"data":"    \"home::bag\": 14,\n"}
,{"stream_name":"stdout","time":69.147039749,"data":"    \"home::bathroom\": 14,\n"}
,{"stream_name":"stdout","time":69.147043111,"data":"    \"home::bed\": 14,\n"}
,{"stream_name":"stdout","time":69.147046288,"data":"    \"home::bedroom\": 14,\n"}
,{"stream_name":"stdout","time":69.14704961,"data":"    \"home::book\": 14,\n"}
,{"stream_name":"stdout","time":69.147052907,"data":"    \"home::box\": 14,\n"}
,{"stream_name":"stdout","time":69.147056243,"data":"    \"home::card\": 14,\n"}
,{"stream_name":"stdout","time":69.147059665,"data":"    \"home::chair\": 14,\n"}
,{"stream_name":"stdout","time":69.147063052,"data":"    \"home::door\": 14,\n"}
,{"stream_name":"stdout","time":69.147066142,"data":"    \"home::dream\": 14,\n"}
,{"stream_name":"stdout","time":69.147069589,"data":"    \"home::gift\": 14,\n"}
,{"stream_name":"stdout","time":69.147073018,"data":"    \"home::key\": 14,\n"}
,{"stream_name":"stdout","time":69.147078924,"data":"    \"home::kitchen\": 14,\n"}
,{"stream_name":"stdout","time":69.14708225,"data":"    \"home::letter\": 14,\n"}
,{"stream_name":"stdout","time":69.147086045,"data":"    \"home::lock\": 14,\n"}
,{"stream_name":"stdout","time":69.147089612,"data":"    \"home::page\": 14,\n"}
,{"stream_name":"stdout","time":69.147093105,"data":"    \"home::paint\": 15,\n"}
,{"stream_name":"stdout","time":69.147096473,"data":"    \"home::paper\": 14,\n"}
,{"stream_name":"stdout","time":69.147099705,"data":"    \"home::pen\": 14,\n"}
,{"stream_name":"stdout","time":69.147102966,"data":"    \"home::pencil\": 14,\n"}
,{"stream_name":"stdout","time":69.147106251,"data":"    \"home::photograph\": 14,\n"}
,{"stream_name":"stdout","time":69.147109446,"data":"    \"home::ring\": 14,\n"}
,{"stream_name":"stdout","time":69.147112881,"data":"    \"home::soap\": 14,\n"}
,{"stream_name":"stdout","time":69.147116274,"data":"    \"home::table\": 14,\n"}
,{"stream_name":"stdout","time":69.147119373,"data":"    \"home::telephone\": 14,\n"}
,{"stream_name":"stdout","time":69.147122688,"data":"    \"home::tool\": 14,\n"}
,{"stream_name":"stdout","time":69.147126121,"data":"    \"home::window\": 14,\n"}
,{"stream_name":"stdout","time":69.14712942,"data":"    \"jobs::actor\": 14,\n"}
,{"stream_name":"stdout","time":69.147132725,"data":"    \"jobs::artist\": 14,\n"}
,{"stream_name":"stdout","time":69.147136084,"data":"    \"jobs::author\": 14,\n"}
,{"stream_name":"stdout","time":69.14714352,"data":"    \"jobs::doctor\": 14,\n"}
,{"stream_name":"stdout","time":69.147147047,"data":"    \"jobs::job\": 14,\n"}
,{"stream_name":"stdout","time":69.147150326,"data":"    \"jobs::lawyer\": 14,\n"}
,{"stream_name":"stdout","time":69.147153592,"data":"    \"jobs::manager\": 14,\n"}
,{"stream_name":"stdout","time":69.147156975,"data":"    \"jobs::patient\": 14,\n"}
,{"stream_name":"stdout","time":69.147160308,"data":"    \"jobs::police\": 14,\n"}
,{"stream_name":"stdout","time":69.147163667,"data":"    \"jobs::priest\": 15,\n"}
,{"stream_name":"stdout","time":69.147167016,"data":"    \"jobs::reporter\": 14,\n"}
,{"stream_name":"stdout","time":69.147170422,"data":"    \"jobs::secretary\": 14,\n"}
,{"stream_name":"stdout","time":69.147173891,"data":"    \"jobs::soldier\": 14,\n"}
,{"stream_name":"stdout","time":69.14717721,"data":"    \"jobs::student\": 14,\n"}
,{"stream_name":"stdout","time":69.14718052,"data":"    \"jobs::teacher\": 14,\n"}
,{"stream_name":"stdout","time":69.147184106,"data":"    \"jobs::waiter\": 14,\n"}
,{"stream_name":"stdout","time":69.147187458,"data":"    \"means of transportation::bicycle\": 20,\n"}
,{"stream_name":"stdout","time":69.147190961,"data":"    \"means of transportation::boat\": 21,\n"}
,{"stream_name":"stdout","time":69.14719452,"data":"    \"means of transportation::bus\": 20,\n"}
,{"stream_name":"stdout","time":69.147198161,"data":"    \"means of transportation::car\": 20,\n"}
,{"stream_name":"stdout","time":69.147201685,"data":"    \"means of transportation::plane\": 21,\n"}
,{"stream_name":"stdout","time":69.147204988,"data":"    \"means of transportation::train\": 21,\n"}
,{"stream_name":"stdout","time":69.147208449,"data":"    \"means of transportation::train ticket\": 21,\n"}
,{"stream_name":"stdout","time":69.147211745,"data":"    \"means of transportation::transportation\": 21,\n"}
,{"stream_name":"stdout","time":69.147215286,"data":"    \"means of transportation::truck\": 21,\n"}
,{"stream_name":"stdout","time":69.147218521,"data":"    \"people::adult\": 20,\n"}
,{"stream_name":"stdout","time":69.147221863,"data":"    \"people::baby\": 20,\n"}
,{"stream_name":"stdout","time":69.147225196,"data":"    \"people::boy\": 21,\n"}
,{"stream_name":"stdout","time":69.147228581,"data":"    \"people::brother\": 21,\n"}
,{"stream_name":"stdout","time":69.147231995,"data":"    \"people::child\": 20,\n"}
,{"stream_name":"stdout","time":69.147235319,"data":"    \"people::crowd\": 20,\n"}
,{"stream_name":"stdout","time":69.147240415,"data":"    \"people::daughter\": 20,\n"}
,{"stream_name":"stdout","time":69.147244068,"data":"    \"people::family\": 17,\n"}
,{"stream_name":"stdout","time":69.147247557,"data":"    \"people::father\": 20,\n"}
,{"stream_name":"stdout","time":69.147251023,"data":"    \"people::friend\": 20,\n"}
,{"stream_name":"stdout","time":69.147254536,"data":"    \"people::girl\": 20,\n"}
,{"stream_name":"stdout","time":69.147258063,"data":"    \"people::grandfather\": 17,\n"}
,{"stream_name":"stdout","time":69.147261766,"data":"    \"people::grandmother\": 17,\n"}
,{"stream_name":"stdout","time":69.147265271,"data":"    \"people::husband\": 20,\n"}
,{"stream_name":"stdout","time":69.147268791,"data":"    \"people::king\": 20,\n"}
,{"stream_name":"stdout","time":69.14727214,"data":"    \"people::man\": 20,\n"}
,{"stream_name":"stdout","time":69.147275581,"data":"    \"people::mother\": 20,\n"}
,{"stream_name":"stdout","time":69.14727912,"data":"    \"people::neighbour\": 20,\n"}
,{"stream_name":"stdout","time":69.147282661,"data":"    \"people::parent\": 20,\n"}
,{"stream_name":"stdout","time":69.147290041,"data":"    \"people::player\": 20,\n"}
,{"stream_name":"stdout","time":69.147293572,"data":"    \"people::president\": 20,\n"}
,{"stream_name":"stdout","time":69.147297013,"data":"    \"people::queen\": 20,\n"}
,{"stream_name":"stdout","time":69.147300381,"data":"    \"people::sister\": 20,\n"}
,{"stream_name":"stdout","time":69.147303945,"data":"    \"people::son\": 20,\n"}
,{"stream_name":"stdout","time":69.147307841,"data":"    \"people::wife\": 20,\n"}
,{"stream_name":"stdout","time":69.147311304,"data":"    \"people::woman\": 20,\n"}
,{"stream_name":"stdout","time":69.147314377,"data":"    \"places::bank\": 22,\n"}
,{"stream_name":"stdout","time":69.147317979,"data":"    \"places::city\": 20,\n"}
,{"stream_name":"stdout","time":69.147321401,"data":"    \"places::court\": 23,\n"}
,{"stream_name":"stdout","time":69.147324806,"data":"    \"places::ground\": 21,\n"}
,{"stream_name":"stdout","time":69.147328239,"data":"    \"places::hospital\": 20,\n"}
,{"stream_name":"stdout","time":69.147331658,"data":"    \"places::house\": 21,\n"}
,{"stream_name":"stdout","time":69.147335245,"data":"    \"places::india\": 21,\n"}
,{"stream_name":"stdout","time":69.147338673,"data":"    \"places::library\": 20,\n"}
,{"stream_name":"stdout","time":69.147342279,"data":"    \"places::location\": 22,\n"}
,{"stream_name":"stdout","time":69.147345862,"data":"    \"places::market\": 21,\n"}
,{"stream_name":"stdout","time":69.147349299,"data":"    \"places::office\": 20,\n"}
,{"stream_name":"stdout","time":69.147352896,"data":"    \"places::park\": 22,\n"}
,{"stream_name":"stdout","time":69.147356432,"data":"    \"places::restaurant\": 20,\n"}
,{"stream_name":"stdout","time":69.147359997,"data":"    \"places::school\": 20,\n"}
,{"stream_name":"stdout","time":69.147363579,"data":"    \"places::store or shop\": 22,\n"}
,{"stream_name":"stdout","time":69.147367409,"data":"    \"places::street or road\": 20,\n"}
,{"stream_name":"stdout","time":69.147370806,"data":"    \"places::temple\": 21,\n"}
,{"stream_name":"stdout","time":69.147374419,"data":"    \"places::train station\": 22,\n"}
,{"stream_name":"stdout","time":69.147377937,"data":"    \"places::university\": 21,\n"}
,{"stream_name":"stdout","time":69.147381426,"data":"    \"pronouns::he\": 21,\n"}
,{"stream_name":"stdout","time":69.147384742,"data":"    \"pronouns::i\": 21,\n"}
,{"stream_name":"stdout","time":69.147388194,"data":"    \"pronouns::it\": 21,\n"}
,{"stream_name":"stdout","time":69.147392038,"data":"    \"pronouns::she\": 21,\n"}
,{"stream_name":"stdout","time":69.147395307,"data":"    \"pronouns::they\": 21,\n"}
,{"stream_name":"stdout","time":69.147398632,"data":"    \"pronouns::we\": 21,\n"}
,{"stream_name":"stdout","time":69.147402054,"data":"    \"pronouns::you\": 21,\n"}
,{"stream_name":"stdout","time":69.147405546,"data":"    \"pronouns::you (plural)\": 21,\n"}
,{"stream_name":"stdout","time":69.147408936,"data":"    \"seasons::ex. monsoon\": 14,\n"}
,{"stream_name":"stdout","time":69.147412321,"data":"    \"seasons::fall\": 15,\n"}
,{"stream_name":"stdout","time":69.147415672,"data":"    \"seasons::season\": 14,\n"}
,{"stream_name":"stdout","time":69.14741892,"data":"    \"seasons::spring\": 14,\n"}
,{"stream_name":"stdout","time":69.14742212,"data":"    \"seasons::summer\": 14,\n"}
,{"stream_name":"stdout","time":69.147425434,"data":"    \"seasons::winter\": 14,\n"}
,{"stream_name":"stdout","time":69.147429051,"data":"    \"society::attack\": 15,\n"}
,{"stream_name":"stdout","time":69.147436519,"data":"    \"society::ball\": 15,\n"}
,{"stream_name":"stdout","time":69.147440109,"data":"    \"society::bill\": 14,\n"}
,{"stream_name":"stdout","time":69.147443586,"data":"    \"society::death\": 14,\n"}
,{"stream_name":"stdout","time":69.147447108,"data":"    \"society::election\": 14,\n"}
,{"stream_name":"stdout","time":69.147450574,"data":"    \"society::energy\": 14,\n"}
,{"stream_name":"stdout","time":69.147454031,"data":"    \"society::exercise\": 14,\n"}
,{"stream_name":"stdout","time":69.147457558,"data":"    \"society::god\": 14,\n"}
,{"stream_name":"stdout","time":69.147461074,"data":"    \"society::gun\": 14,\n"}
,{"stream_name":"stdout","time":69.147464591,"data":"    \"society::marriage\": 14,\n"}
,{"stream_name":"stdout","time":69.147468082,"data":"    \"society::medicine\": 14,\n"}
,{"stream_name":"stdout","time":69.147471622,"data":"    \"society::money\": 14,\n"}
,{"stream_name":"stdout","time":69.147475153,"data":"    \"society::newspaper\": 14,\n"}
,{"stream_name":"stdout","time":69.147478753,"data":"    \"society::peace\": 14,\n"}
,{"stream_name":"stdout","time":69.147482253,"data":"    \"society::price\": 14,\n"}
,{"stream_name":"stdout","time":69.147485807,"data":"    \"society::race (ethnicity)\": 14,\n"}
,{"stream_name":"stdout","time":69.147489591,"data":"    \"society::religion\": 14,\n"}
,{"stream_name":"stdout","time":69.147494981,"data":"    \"society::science\": 14,\n"}
,{"stream_name":"stdout","time":69.147498627,"data":"    \"society::sign\": 14,\n"}
,{"stream_name":"stdout","time":69.147502081,"data":"    \"society::sport\": 14,\n"}
,{"stream_name":"stdout","time":69.147505526,"data":"    \"society::team\": 14,\n"}
,{"stream_name":"stdout","time":69.147508932,"data":"    \"society::technology\": 14,\n"}
,{"stream_name":"stdout","time":69.147512439,"data":"    \"society::war\": 14\n"}
,{"stream_name":"stdout","time":69.147515944,"data":"  }\n"}
,{"stream_name":"stdout","time":69.147519406,"data":"}\n"}
,{"stream_name":"stdout","time":69.226396452,"data":"_split_norm\n"}
,{"stream_name":"stdout","time":69.226430242,"data":"unknown    4284\n"}
,{"stream_name":"stdout","time":69.226435989,"data":"Name: count, dtype: int64\n"}
,{"stream_name":"stdout","time":69.226440189,"data":"train= 2998 val= 643 test= 643 NUM_CLASSES= 262\n"}
,{"stream_name":"stdout","time":69.226444661,"data":"train classes= 262 missing classes= 0\n"}
,{"stream_name":"stderr","time":69.231066643,"data":"/tmp/ipykernel_23/3915479824.py:27: UserWarning: A split column exists but contains no recognized train/val/test assignments; deriving reproducible splits from all valid samples.\n"}
,{"stream_name":"stderr","time":69.231093191,"data":"  warnings.warn('A split column exists but contains no recognized train/val/test assignments; deriving reproducible splits from all valid samples.')\n"}
,{"stream_name":"stderr","time":69.231098521,"data":"\n"}
,{"stream_name":"stderr","time":69.231102218,"data":"/tmp/ipykernel_23/3915479824.py:27: UserWarning: A split column exists but contains no recognized train/val/test assignments; deriving reproducible splits from all valid samples.\n"}
,{"stream_name":"stderr","time":69.231106321,"data":"  warnings.warn('A split column exists but contains no recognized train/val/test assignments; deriving reproducible splits from all valid samples.')\n"}
,{"stream_name":"stdout","time":69.233036147,"data":"val classes= 262 missing classes= 0\n"}
,{"stream_name":"stdout","time":69.237386584,"data":"test classes= 262 missing classes= 0\n"}
,{"stream_name":"stdout","time":69.9917184,"data":"{'left_hand': (32, 128, 21, 3), 'right_hand': (32, 128, 21, 3), 'pose': (32, 128, 33, 4), 'label': (32,), 'sample_id': ['47a61c7bbecabdd7d311', '8704a75ce67ed23d855c', 'c5f25829d5b2bcfd5e76']}\n"}
,{"stream_name":"stdout","time":70.191651299,"data":"SignClassifier(\n"}
,{"stream_name":"stdout","time":70.191703099,"data":"  (encoder): LandmarkEncoder(\n"}
,{"stream_name":"stdout","time":70.191710811,"data":"    (left_encoder): StreamEncoder(\n"}
,{"stream_name":"stdout","time":70.191714612,"data":"      (proj): Sequential(\n"}
,{"stream_name":"stdout","time":70.191718368,"data":"        (0): Linear(in_features=63, out_features=128, bias=True)\n"}
,{"stream_name":"stdout","time":70.191734767,"data":"        (1): LayerNorm((128,), eps=1e-05, elementwise_affine=True)\n"}
,{"stream_name":"stdout","time":70.191739525,"data":"      )\n"}
,{"stream_name":"stdout","time":70.191742878,"data":"      (pos): LearnedPos(\n"}
,{"stream_name":"stdout","time":70.191745899,"data":"        (drop): Dropout(p=0.15, inplace=False)\n"}
,{"stream_name":"stdout","time":70.191749054,"data":"      )\n"}
,{"stream_name":"stdout","time":70.191752504,"data":"      (enc): TransformerEncoder(\n"}
,{"stream_name":"stdout","time":70.191755917,"data":"        (layers): ModuleList(\n"}
,{"stream_name":"stdout","time":70.191759197,"data":"          (0): TransformerEncoderLayer(\n"}
,{"stream_name":"stdout","time":70.191762898,"data":"            (self_attn): MultiheadAttention(\n"}
,{"stream_name":"stdout","time":70.191767026,"data":"              (out_proj): NonDynamicallyQuantizableLinear(in_features=128, out_features=128, bias=True)\n"}
,{"stream_name":"stdout","time":70.191770914,"data":"            )\n"}
,{"stream_name":"stdout","time":70.191774159,"data":"            (linear1): Linear(in_features=128, out_features=384, bias=True)\n"}
,{"stream_name":"stdout","time":70.19177772,"data":"            (dropout): Dropout(p=0.15, inplace=False)\n"}
,{"stream_name":"stdout","time":70.191781327,"data":"            (linear2): Linear(in_features=384, out_features=128, bias=True)\n"}
,{"stream_name":"stdout","time":70.191784969,"data":"            (norm1): LayerNorm((128,), eps=1e-05, elementwise_affine=True)\n"}
,{"stream_name":"stdout","time":70.191791719,"data":"            (norm2): LayerNorm((128,), eps=1e-05, elementwise_affine=True)\n"}
,{"stream_name":"stdout","time":70.191794994,"data":"            (dropout1): Dropout(p=0.15, inplace=False)\n"}
,{"stream_name":"stdout","time":70.191798589,"data":"            (dropout2): Dropout(p=0.15, inplace=False)\n"}
,{"stream_name":"stdout","time":70.191802642,"data":"          )\n"}
,{"stream_name":"stdout","time":70.191806007,"data":"        )\n"}
,{"stream_name":"stdout","time":70.191809779,"data":"        (norm): LayerNorm((128,), eps=1e-05, elementwise_affine=True)\n"}
,{"stream_name":"stdout","time":70.191813089,"data":"      )\n"}
,{"stream_name":"stdout","time":70.191816832,"data":"    )\n"}
,{"stream_name":"stdout","time":70.191820429,"data":"    (right_encoder): StreamEncoder(\n"}
,{"stream_name":"stdout","time":70.19182396,"data":"      (proj): Sequential(\n"}
,{"stream_name":"stdout","time":70.191827449,"data":"        (0): Linear(in_features=63, out_features=128, bias=True)\n"}
,{"stream_name":"stdout","time":70.191831083,"data":"        (1): LayerNorm((128,), eps=1e-05, elementwise_affine=True)\n"}
,{"stream_name":"stdout","time":70.19183462,"data":"      )\n"}
,{"stream_name":"stdout","time":70.19183798,"data":"      (pos): LearnedPos(\n"}
,{"stream_name":"stdout","time":70.191841888,"data":"        (drop): Dropout(p=0.15, inplace=False)\n"}
,{"stream_name":"stdout","time":70.191857909,"data":"      )\n"}
,{"stream_name":"stdout","time":70.191861908,"data":"      (enc): TransformerEncoder(\n"}
,{"stream_name":"stdout","time":70.19186555,"data":"        (layers): ModuleList(\n"}
,{"stream_name":"stdout","time":70.191868967,"data":"          (0): TransformerEncoderLayer(\n"}
,{"stream_name":"stdout","time":70.191872501,"data":"            (self_attn): MultiheadAttention(\n"}
,{"stream_name":"stdout","time":70.191875991,"data":"              (out_proj): NonDynamicallyQuantizableLinear(in_features=128, out_features=128, bias=True)\n"}
,{"stream_name":"stdout","time":70.191879806,"data":"            )\n"}
,{"stream_name":"stdout","time":70.191883539,"data":"            (linear1): Linear(in_features=128, out_features=384, bias=True)\n"}
,{"stream_name":"stdout","time":70.191887286,"data":"            (dropout): Dropout(p=0.15, inplace=False)\n"}
,{"stream_name":"stdout","time":70.191890554,"data":"            (linear2): Linear(in_features=384, out_features=128, bias=True)\n"}
,{"stream_name":"stdout","time":70.191894159,"data":"            (norm1): LayerNorm((128,), eps=1e-05, elementwise_affine=True)\n"}
,{"stream_name":"stdout","time":70.191900068,"data":"            (norm2): LayerNorm((128,), eps=1e-05, elementwise_affine=True)\n"}
,{"stream_name":"stdout","time":70.191903748,"data":"            (dropout1): Dropout(p=0.15, inplace=False)\n"}
,{"stream_name":"stdout","time":70.19190759,"data":"            (dropout2): Dropout(p=0.15, inplace=False)\n"}
,{"stream_name":"stdout","time":70.191911237,"data":"          )\n"}
,{"stream_name":"stdout","time":70.19191462,"data":"        )\n"}
,{"stream_name":"stdout","time":70.191917868,"data":"        (norm): LayerNorm((128,), eps=1e-05, elementwise_affine=True)\n"}
,{"stream_name":"stdout","time":70.191921442,"data":"      )\n"}
,{"stream_name":"stdout","time":70.1919248,"data":"    )\n"}
,{"stream_name":"stdout","time":70.191928129,"data":"    (pose_encoder): StreamEncoder(\n"}
,{"stream_name":"stdout","time":70.191931692,"data":"      (proj): Sequential(\n"}
,{"stream_name":"stdout","time":70.191935172,"data":"        (0): Linear(in_features=132, out_features=128, bias=True)\n"}
,{"stream_name":"stdout","time":70.1919388,"data":"        (1): LayerNorm((128,), eps=1e-05, elementwise_affine=True)\n"}
,{"stream_name":"stdout","time":70.191942448,"data":"      )\n"}
,{"stream_name":"stdout","time":70.19194595,"data":"      (pos): LearnedPos(\n"}
,{"stream_name":"stdout","time":70.191949471,"data":"        (drop): Dropout(p=0.15, inplace=False)\n"}
,{"stream_name":"stdout","time":70.191953063,"data":"      )\n"}
,{"stream_name":"stdout","time":70.191957502,"data":"      (enc): TransformerEncoder(\n"}
,{"stream_name":"stdout","time":70.191960975,"data":"        (layers): ModuleList(\n"}
,{"stream_name":"stdout","time":70.191964382,"data":"          (0): TransformerEncoderLayer(\n"}
,{"stream_name":"stdout","time":70.191967737,"data":"            (self_attn): MultiheadAttention(\n"}
,{"stream_name":"stdout","time":70.191971687,"data":"              (out_proj): NonDynamicallyQuantizableLinear(in_features=128, out_features=128, bias=True)\n"}
,{"stream_name":"stdout","time":70.191975405,"data":"            )\n"}
,{"stream_name":"stdout","time":70.191978767,"data":"            (linear1): Linear(in_features=128, out_features=384, bias=True)\n"}
,{"stream_name":"stdout","time":70.191982478,"data":"            (dropout): Dropout(p=0.15, inplace=False)\n"}
,{"stream_name":"stdout","time":70.191986046,"data":"            (linear2): Linear(in_features=384, out_features=128, bias=True)\n"}
,{"stream_name":"stdout","time":70.191993446,"data":"            (norm1): LayerNorm((128,), eps=1e-05, elementwise_affine=True)\n"}
,{"stream_name":"stdout","time":70.191997115,"data":"            (norm2): LayerNorm((128,), eps=1e-05, elementwise_affine=True)\n"}
,{"stream_name":"stdout","time":70.192000813,"data":"            (dropout1): Dropout(p=0.15, inplace=False)\n"}
,{"stream_name":"stdout","time":70.192004454,"data":"            (dropout2): Dropout(p=0.15, inplace=False)\n"}
,{"stream_name":"stdout","time":70.192007887,"data":"          )\n"}
,{"stream_name":"stdout","time":70.19201129,"data":"        )\n"}
,{"stream_name":"stdout","time":70.192014497,"data":"        (norm): LayerNorm((128,), eps=1e-05, elementwise_affine=True)\n"}
,{"stream_name":"stdout","time":70.192018239,"data":"      )\n"}
,{"stream_name":"stdout","time":70.192021596,"data":"    )\n"}
,{"stream_name":"stdout","time":70.192024925,"data":"    (fusion): Sequential(\n"}
,{"stream_name":"stdout","time":70.192028353,"data":"      (0): Linear(in_features=384, out_features=128, bias=True)\n"}
,{"stream_name":"stdout","time":70.192031875,"data":"      (1): GELU(approximate='none')\n"}
,{"stream_name":"stdout","time":70.19203567,"data":"      (2): LayerNorm((128,), eps=1e-05, elementwise_affine=True)\n"}
,{"stream_name":"stdout","time":70.192039261,"data":"      (3): Dropout(p=0.15, inplace=False)\n"}
,{"stream_name":"stdout","time":70.192042669,"data":"    )\n"}
,{"stream_name":"stdout","time":70.192045975,"data":"    (pos): LearnedPos(\n"}
,{"stream_name":"stdout","time":70.192049418,"data":"      (drop): Dropout(p=0.15, inplace=False)\n"}
,{"stream_name":"stdout","time":70.192052944,"data":"    )\n"}
,{"stream_name":"stdout","time":70.19205619,"data":"    (temporal): TransformerEncoder(\n"}
,{"stream_name":"stdout","time":70.192059592,"data":"      (layers): ModuleList(\n"}
,{"stream_name":"stdout","time":70.192063124,"data":"        (0-1): 2 x TransformerEncoderLayer(\n"}
,{"stream_name":"stdout","time":70.192066813,"data":"          (self_attn): MultiheadAttention(\n"}
,{"stream_name":"stdout","time":70.192070493,"data":"            (out_proj): NonDynamicallyQuantizableLinear(in_features=128, out_features=128, bias=True)\n"}
,{"stream_name":"stdout","time":70.192074298,"data":"          )\n"}
,{"stream_name":"stdout","time":70.192077654,"data":"          (linear1): Linear(in_features=128, out_features=384, bias=True)\n"}
,{"stream_name":"stdout","time":70.192081918,"data":"          (dropout): Dropout(p=0.15, inplace=False)\n"}
,{"stream_name":"stdout","time":70.192085486,"data":"          (linear2): Linear(in_features=384, out_features=128, bias=True)\n"}
,{"stream_name":"stdout","time":70.192089314,"data":"          (norm1): LayerNorm((128,), eps=1e-05, elementwise_affine=True)\n"}
,{"stream_name":"stdout","time":70.192092967,"data":"          (norm2): LayerNorm((128,), eps=1e-05, elementwise_affine=True)\n"}
,{"stream_name":"stdout","time":70.192096926,"data":"          (dropout1): Dropout(p=0.15, inplace=False)\n"}
,{"stream_name":"stdout","time":70.192100498,"data":"          (dropout2): Dropout(p=0.15, inplace=False)\n"}
,{"stream_name":"stdout","time":70.192103873,"data":"        )\n"}
,{"stream_name":"stdout","time":70.192107316,"data":"      )\n"}
,{"stream_name":"stdout","time":70.192110925,"data":"      (norm): LayerNorm((128,), eps=1e-05, elementwise_affine=True)\n"}
,{"stream_name":"stdout","time":70.192114535,"data":"    )\n"}
,{"stream_name":"stdout","time":70.192117954,"data":"    (norm): LayerNorm((128,), eps=1e-05, elementwise_affine=True)\n"}
,{"stream_name":"stdout","time":70.19212439,"data":"  )\n"}
,{"stream_name":"stdout","time":70.192127905,"data":"  (head): Sequential(\n"}
,{"stream_name":"stdout","time":70.192130983,"data":"    (0): Dropout(p=0.15, inplace=False)\n"}
,{"stream_name":"stdout","time":70.192134476,"data":"    (1): Linear(in_features=128, out_features=262, bias=True)\n"}
,{"stream_name":"stdout","time":70.192138357,"data":"  )\n"}
,{"stream_name":"stdout","time":70.19214169,"data":")\n"}
,{"stream_name":"stdout","time":70.192144478,"data":"Trainable params: 1,011,462\n"}
,{"stream_name":"stderr","time":70.290535146,"data":"/tmp/ipykernel_23/2370805693.py:8: UserWarning: enable_nested_tensor is True, but self.use_nested_tensor is False because encoder_layer.norm_first was True\n"}
,{"stream_name":"stderr","time":70.290756223,"data":"  super().__init__(); self.proj=nn.Sequential(nn.Linear(inp,d),nn.LayerNorm(d)); self.pos=LearnedPos(nframes,d,drop); layer=nn.TransformerEncoderLayer(d,nhead,ff,drop,activation='gelu',batch_first=True,norm_first=True); self.enc=nn.TransformerEncoder(layer,layers,norm=nn.LayerNorm(d))\n"}
,{"stream_name":"stderr","time":70.290773488,"data":"/tmp/ipykernel_23/2370805693.py:15: UserWarning: enable_nested_tensor is True, but self.use_nested_tensor is False because encoder_layer.norm_first was True\n"}
,{"stream_name":"stderr","time":70.29077838,"data":"  layer=nn.TransformerEncoderLayer(d_model,nhead,dim_feedforward,dropout,activation='gelu',batch_first=True,norm_first=True); self.temporal=nn.TransformerEncoder(layer,num_temporal_layers,norm=nn.LayerNorm(d_model)); self.norm=nn.LayerNorm(d_model)\n"}
,{"stream_name":"stderr","time":70.29078282,"data":"\n"}
,{"stream_name":"stderr","time":70.290786291,"data":"/tmp/ipykernel_23/2370805693.py:8: UserWarning: enable_nested_tensor is True, but self.use_nested_tensor is False because encoder_layer.norm_first was True\n"}
,{"stream_name":"stderr","time":70.290790565,"data":"  super().__init__(); self.proj=nn.Sequential(nn.Linear(inp,d),nn.LayerNorm(d)); self.pos=LearnedPos(nframes,d,drop); layer=nn.TransformerEncoderLayer(d,nhead,ff,drop,activation='gelu',batch_first=True,norm_first=True); self.enc=nn.TransformerEncoder(layer,layers,norm=nn.LayerNorm(d))\n"}
,{"stream_name":"stderr","time":70.290795131,"data":"/tmp/ipykernel_23/2370805693.py:15: UserWarning: enable_nested_tensor is True, but self.use_nested_tensor is False because encoder_layer.norm_first was True\n"}
,{"stream_name":"stderr","time":70.290799217,"data":"  layer=nn.TransformerEncoderLayer(d_model,nhead,dim_feedforward,dropout,activation='gelu',batch_first=True,norm_first=True); self.temporal=nn.TransformerEncoder(layer,num_temporal_layers,norm=nn.LayerNorm(d_model)); self.norm=nn.LayerNorm(d_model)\n"}
,{"stream_name":"stdout","time":70.61837277,"data":"Logits: torch.Size([2, 262])\n"}
,{"stream_name":"stdout","time":70.891955087,"data":"count    262.000000\n"}
,{"stream_name":"stdout","time":70.891984433,"data":"mean      11.442748\n"}
,{"stream_name":"stdout","time":70.892002667,"data":"std        3.347465\n"}
,{"stream_name":"stdout","time":70.892006591,"data":"min        2.000000\n"}
,{"stream_name":"stdout","time":70.89201006,"data":"25%       10.000000\n"}
,{"stream_name":"stdout","time":70.892014413,"data":"50%       10.000000\n"}
,{"stream_name":"stdout","time":70.892018037,"data":"75%       14.000000\n"}
,{"stream_name":"stdout","time":70.892022038,"data":"max       17.000000\n"}
,{"stream_name":"stdout","time":70.892025755,"data":"Name: count, dtype: float64\n"}
,{"stream_name":"stdout","time":70.892029733,"data":"imbalance ratio= 8.5\n"}
,{"stream_name":"stdout","time":70.892033533,"data":"Using weighted CE\n"}
,{"stream_name":"stderr","time":70.892945882,"data":"/tmp/ipykernel_23/2370805693.py:8: UserWarning: enable_nested_tensor is True, but self.use_nested_tensor is False because encoder_layer.norm_first was True\n"}
,{"stream_name":"stderr","time":70.892987516,"data":"  super().__init__(); self.proj=nn.Sequential(nn.Linear(inp,d),nn.LayerNorm(d)); self.pos=LearnedPos(nframes,d,drop); layer=nn.TransformerEncoderLayer(d,nhead,ff,drop,activation='gelu',batch_first=True,norm_first=True); self.enc=nn.TransformerEncoder(layer,layers,norm=nn.LayerNorm(d))\n"}
,{"stream_name":"stderr","time":70.892995157,"data":"/tmp/ipykernel_23/2370805693.py:15: UserWarning: enable_nested_tensor is True, but self.use_nested_tensor is False because encoder_layer.norm_first was True\n"}
,{"stream_name":"stderr","time":70.892999008,"data":"  layer=nn.TransformerEncoderLayer(d_model,nhead,dim_feedforward,dropout,activation='gelu',batch_first=True,norm_first=True); self.temporal=nn.TransformerEncoder(layer,num_temporal_layers,norm=nn.LayerNorm(d_model)); self.norm=nn.LayerNorm(d_model)\n"}
,{"stream_name":"stderr","time":70.893003043,"data":"\n"}
,{"stream_name":"stderr","time":70.893007114,"data":"/tmp/ipykernel_23/2370805693.py:8: UserWarning: enable_nested_tensor is True, but self.use_nested_tensor is False because encoder_layer.norm_first was True\n"}
,{"stream_name":"stderr","time":70.893011582,"data":"  super().__init__(); self.proj=nn.Sequential(nn.Linear(inp,d),nn.LayerNorm(d)); self.pos=LearnedPos(nframes,d,drop); layer=nn.TransformerEncoderLayer(d,nhead,ff,drop,activation='gelu',batch_first=True,norm_first=True); self.enc=nn.TransformerEncoder(layer,layers,norm=nn.LayerNorm(d))\n"}
,{"stream_name":"stderr","time":70.893016211,"data":"/tmp/ipykernel_23/2370805693.py:15: UserWarning: enable_nested_tensor is True, but self.use_nested_tensor is False because encoder_layer.norm_first was True\n"}
,{"stream_name":"stderr","time":70.893020769,"data":"  layer=nn.TransformerEncoderLayer(d_model,nhead,dim_feedforward,dropout,activation='gelu',batch_first=True,norm_first=True); self.temporal=nn.TransformerEncoder(layer,num_temporal_layers,norm=nn.LayerNorm(d_model)); self.norm=nn.LayerNorm(d_model)\n"}
,{"stream_name":"stdout","time":76.695986874,"data":"sanity 01: loss=5.4120 acc=0.094\n"}
,{"stream_name":"stdout","time":77.216575214,"data":"sanity 02: loss=3.8255 acc=0.188\n"}
,{"stream_name":"stdout","time":77.745485524,"data":"sanity 03: loss=3.1171 acc=0.391\n"}
,{"stream_name":"stdout","time":78.260663758,"data":"sanity 04: loss=2.5919 acc=0.484\n"}
,{"stream_name":"stdout","time":78.791166421,"data":"sanity 05: loss=2.1656 acc=0.484\n"}
,{"stream_name":"stdout","time":79.297733371,"data":"sanity 06: loss=1.8274 acc=0.625\n"}
,{"stream_name":"stdout","time":79.802485022,"data":"sanity 07: loss=1.4684 acc=0.797\n"}
,{"stream_name":"stdout","time":80.303658547,"data":"sanity 08: loss=1.1637 acc=0.828\n"}
,{"stream_name":"stderr","time":80.384794601,"data":"/tmp/ipykernel_23/2370805693.py:8: UserWarning: enable_nested_tensor is True, but self.use_nested_tensor is False because encoder_layer.norm_first was True\n"}
,{"stream_name":"stderr","time":80.384836482,"data":"  super().__init__(); self.proj=nn.Sequential(nn.Linear(inp,d),nn.LayerNorm(d)); self.pos=LearnedPos(nframes,d,drop); layer=nn.TransformerEncoderLayer(d,nhead,ff,drop,activation='gelu',batch_first=True,norm_first=True); self.enc=nn.TransformerEncoder(layer,layers,norm=nn.LayerNorm(d))\n"}
,{"stream_name":"stderr","time":80.384842882,"data":"/tmp/ipykernel_23/2370805693.py:15: UserWarning: enable_nested_tensor is True, but self.use_nested_tensor is False because encoder_layer.norm_first was True\n"}
,{"stream_name":"stderr","time":80.384846643,"data":"  layer=nn.TransformerEncoderLayer(d_model,nhead,dim_feedforward,dropout,activation='gelu',batch_first=True,norm_first=True); self.temporal=nn.TransformerEncoder(layer,num_temporal_layers,norm=nn.LayerNorm(d_model)); self.norm=nn.LayerNorm(d_model)\n"}
,{"stream_name":"stderr","time":80.384875921,"data":"\n"}
,{"stream_name":"stderr","time":80.38488132,"data":"/tmp/ipykernel_23/2370805693.py:8: UserWarning: enable_nested_tensor is True, but self.use_nested_tensor is False because encoder_layer.norm_first was True\n"}
,{"stream_name":"stderr","time":80.38488579,"data":"  super().__init__(); self.proj=nn.Sequential(nn.Linear(inp,d),nn.LayerNorm(d)); self.pos=LearnedPos(nframes,d,drop); layer=nn.TransformerEncoderLayer(d,nhead,ff,drop,activation='gelu',batch_first=True,norm_first=True); self.enc=nn.TransformerEncoder(layer,layers,norm=nn.LayerNorm(d))\n"}
,{"stream_name":"stderr","time":80.384890408,"data":"/tmp/ipykernel_23/2370805693.py:15: UserWarning: enable_nested_tensor is True, but self.use_nested_tensor is False because encoder_layer.norm_first was True\n"}
,{"stream_name":"stderr","time":80.384895334,"data":"  layer=nn.TransformerEncoderLayer(d_model,nhead,dim_feedforward,dropout,activation='gelu',batch_first=True,norm_first=True); self.temporal=nn.TransformerEncoder(layer,num_temporal_layers,norm=nn.LayerNorm(d_model)); self.norm=nn.LayerNorm(d_model)\n"}
,{"stream_name":"stdout","time":98.373733041,"data":"epoch 01/60 train=5.6286 val=5.2393 top1=0.0187 top5=0.0840 lr=3.00e-04\n"}
,{"stream_name":"stdout","time":98.373764961,"data":" saved best\n"}
,{"stream_name":"stdout","time":116.497761004,"data":"epoch 02/60 train=5.0604 val=4.6896 top1=0.0778 top5=0.1944 lr=3.00e-04\n"}
,{"stream_name":"stdout","time":116.497808998,"data":" saved best\n"}
,{"stream_name":"stdout","time":134.320722098,"data":"epoch 03/60 train=4.5736 val=4.2510 top1=0.1291 top5=0.3841 lr=2.99e-04\n"}
,{"stream_name":"stdout","time":134.320776052,"data":" saved best\n"}
,{"stream_name":"stdout","time":152.298315867,"data":"epoch 04/60 train=4.1249 val=3.7918 top1=0.2488 top5=0.5801 lr=2.98e-04\n"}
,{"stream_name":"stdout","time":152.298361823,"data":" saved best\n"}
,{"stream_name":"stdout","time":169.614169821,"data":"epoch 05/60 train=3.7033 val=3.3502 top1=0.3670 top5=0.7263 lr=2.97e-04\n"}
,{"stream_name":"stdout","time":169.614204016,"data":" saved best\n"}
,{"stream_name":"stdout","time":186.721467113,"data":"epoch 06/60 train=3.2651 val=2.9320 top1=0.4666 top5=0.7885 lr=2.95e-04\n"}
,{"stream_name":"stdout","time":186.721538343,"data":" saved best\n"}
,{"stream_name":"stdout","time":204.676154834,"data":"epoch 07/60 train=2.8634 val=2.5486 top1=0.5739 top5=0.8600 lr=2.93e-04\n"}
,{"stream_name":"stdout","time":204.676192432,"data":" saved best\n"}
,{"stream_name":"stdout","time":223.869954257,"data":"epoch 08/60 train=2.5155 val=2.2136 top1=0.6299 top5=0.9005 lr=2.91e-04\n"}
,{"stream_name":"stdout","time":223.869991088,"data":" saved best\n"}
,{"stream_name":"stdout","time":241.690056467,"data":"epoch 09/60 train=2.1930 val=1.9218 top1=0.7061 top5=0.9238 lr=2.88e-04\n"}
,{"stream_name":"stdout","time":241.690103569,"data":" saved best\n"}
,{"stream_name":"stdout","time":259.160128769,"data":"epoch 10/60 train=1.9202 val=1.6672 top1=0.7418 top5=0.9425 lr=2.84e-04\n"}
,{"stream_name":"stdout","time":259.160169882,"data":" saved best\n"}
,{"stream_name":"stdout","time":276.658529119,"data":"epoch 11/60 train=1.6666 val=1.4332 top1=0.7683 top5=0.9518 lr=2.81e-04\n"}
,{"stream_name":"stdout","time":276.658592316,"data":" saved best\n"}
,{"stream_name":"stdout","time":294.214576425,"data":"epoch 12/60 train=1.4403 val=1.2832 top1=0.7854 top5=0.9611 lr=2.77e-04\n"}
,{"stream_name":"stdout","time":294.214634899,"data":" saved best\n"}
,{"stream_name":"stdout","time":312.154731455,"data":"epoch 13/60 train=1.2471 val=1.1322 top1=0.8118 top5=0.9642 lr=2.73e-04\n"}
,{"stream_name":"stdout","time":312.15478087,"data":" saved best\n"}
,{"stream_name":"stdout","time":329.627081939,"data":"epoch 14/60 train=1.0681 val=0.9636 top1=0.8383 top5=0.9705 lr=2.68e-04\n"}
,{"stream_name":"stdout","time":329.627119171,"data":" saved best\n"}
,{"stream_name":"stdout","time":347.206416114,"data":"epoch 15/60 train=0.9350 val=0.8461 top1=0.8663 top5=0.9705 lr=2.63e-04\n"}
,{"stream_name":"stdout","time":347.206492955,"data":" saved best\n"}
,{"stream_name":"stdout","time":365.286991272,"data":"epoch 16/60 train=0.8194 val=0.7508 top1=0.8834 top5=0.9736 lr=2.58e-04\n"}
,{"stream_name":"stdout","time":365.287038227,"data":" saved best\n"}
,{"stream_name":"stdout","time":382.984367482,"data":"epoch 17/60 train=0.7109 val=0.6834 top1=0.8834 top5=0.9767 lr=2.53e-04\n"}
,{"stream_name":"stdout","time":382.984415737,"data":" saved best\n"}
,{"stream_name":"stdout","time":400.91289097,"data":"epoch 18/60 train=0.6228 val=0.6120 top1=0.8911 top5=0.9813 lr=2.47e-04\n"}
,{"stream_name":"stdout","time":400.912923498,"data":" saved best\n"}
,{"stream_name":"stdout","time":419.150648758,"data":"epoch 19/60 train=0.5476 val=0.5537 top1=0.9036 top5=0.9813 lr=2.41e-04\n"}
,{"stream_name":"stdout","time":419.150762341,"data":" saved best\n"}
,{"stream_name":"stdout","time":436.904982499,"data":"epoch 20/60 train=0.4751 val=0.4983 top1=0.9098 top5=0.9782 lr=2.35e-04\n"}
,{"stream_name":"stdout","time":436.905020628,"data":" saved best\n"}
,{"stream_name":"stdout","time":455.529148636,"data":"epoch 21/60 train=0.4248 val=0.4684 top1=0.9082 top5=0.9829 lr=2.29e-04\n"}
,{"stream_name":"stdout","time":473.978892865,"data":"epoch 22/60 train=0.3739 val=0.4387 top1=0.9114 top5=0.9829 lr=2.22e-04\n"}
,{"stream_name":"stdout","time":473.978928995,"data":" saved best\n"}
,{"stream_name":"stdout","time":492.379769206,"data":"epoch 23/60 train=0.3347 val=0.4219 top1=0.9191 top5=0.9798 lr=2.15e-04\n"}
,{"stream_name":"stdout","time":492.379806964,"data":" saved best\n"}
,{"stream_name":"stdout","time":510.155518252,"data":"epoch 24/60 train=0.2932 val=0.3997 top1=0.9176 top5=0.9844 lr=2.09e-04\n"}
,{"stream_name":"stdout","time":527.430239065,"data":"epoch 25/60 train=0.2648 val=0.3653 top1=0.9300 top5=0.9829 lr=2.02e-04\n"}
,{"stream_name":"stdout","time":527.430283473,"data":" saved best\n"}
,{"stream_name":"stdout","time":545.327921484,"data":"epoch 26/60 train=0.2244 val=0.3645 top1=0.9300 top5=0.9829 lr=1.94e-04\n"}
,{"stream_name":"stdout","time":545.327959315,"data":" saved best\n"}
,{"stream_name":"stdout","time":562.910968103,"data":"epoch 27/60 train=0.2153 val=0.3408 top1=0.9316 top5=0.9829 lr=1.87e-04\n"}
,{"stream_name":"stdout","time":562.911002595,"data":" saved best\n"}
,{"stream_name":"stdout","time":580.207006901,"data":"epoch 28/60 train=0.1937 val=0.3073 top1=0.9378 top5=0.9844 lr=1.80e-04\n"}
,{"stream_name":"stdout","time":580.207044078,"data":" saved best\n"}
,{"stream_name":"stdout","time":597.658241673,"data":"epoch 29/60 train=0.1720 val=0.3081 top1=0.9409 top5=0.9844 lr=1.72e-04\n"}
,{"stream_name":"stdout","time":597.658275873,"data":" saved best\n"}
,{"stream_name":"stdout","time":615.204220888,"data":"epoch 30/60 train=0.1560 val=0.2856 top1=0.9362 top5=0.9844 lr=1.65e-04\n"}
,{"stream_name":"stdout","time":632.865753727,"data":"epoch 31/60 train=0.1383 val=0.2937 top1=0.9393 top5=0.9844 lr=1.58e-04\n"}
,{"stream_name":"stdout","time":651.208929024,"data":"epoch 32/60 train=0.1290 val=0.2660 top1=0.9393 top5=0.9860 lr=1.50e-04\n"}
,{"stream_name":"stdout","time":670.180021467,"data":"epoch 33/60 train=0.1214 val=0.3030 top1=0.9362 top5=0.9844 lr=1.43e-04\n"}
,{"stream_name":"stdout","time":687.649364941,"data":"epoch 34/60 train=0.1075 val=0.2689 top1=0.9533 top5=0.9876 lr=1.35e-04\n"}
,{"stream_name":"stdout","time":687.649402814,"data":" saved best\n"}
,{"stream_name":"stdout","time":705.167790064,"data":"epoch 35/60 train=0.0997 val=0.2699 top1=0.9440 top5=0.9860 lr=1.28e-04\n"}
,{"stream_name":"stdout","time":723.714786735,"data":"epoch 36/60 train=0.0832 val=0.2584 top1=0.9471 top5=0.9860 lr=1.21e-04\n"}
,{"stream_name":"stdout","time":741.329450835,"data":"epoch 37/60 train=0.0757 val=0.2558 top1=0.9471 top5=0.9860 lr=1.13e-04\n"}
,{"stream_name":"stdout","time":759.945167133,"data":"epoch 38/60 train=0.0781 val=0.2510 top1=0.9456 top5=0.9860 lr=1.06e-04\n"}
,{"stream_name":"stdout","time":778.361716187,"data":"epoch 39/60 train=0.0672 val=0.2570 top1=0.9518 top5=0.9860 lr=9.95e-05\n"}
,{"stream_name":"stdout","time":796.708262127,"data":"epoch 40/60 train=0.0627 val=0.2602 top1=0.9518 top5=0.9860 lr=9.28e-05\n"}
,{"stream_name":"stdout","time":814.889590428,"data":"epoch 41/60 train=0.0561 val=0.2479 top1=0.9502 top5=0.9876 lr=8.63e-05\n"}
,{"stream_name":"stdout","time":833.030166009,"data":"epoch 42/60 train=0.0535 val=0.2349 top1=0.9549 top5=0.9876 lr=7.99e-05\n"}
,{"stream_name":"stdout","time":833.030206729,"data":" saved best\n"}
,{"stream_name":"stdout","time":851.483760685,"data":"epoch 43/60 train=0.0462 val=0.2424 top1=0.9565 top5=0.9844 lr=7.37e-05\n"}
,{"stream_name":"stdout","time":851.483787587,"data":" saved best\n"}
,{"stream_name":"stdout","time":869.438833219,"data":"epoch 44/60 train=0.0443 val=0.2418 top1=0.9549 top5=0.9860 lr=6.78e-05\n"}
,{"stream_name":"stdout","time":887.130380562,"data":"epoch 45/60 train=0.0429 val=0.2343 top1=0.9596 top5=0.9844 lr=6.21e-05\n"}
,{"stream_name":"stdout","time":887.130419109,"data":" saved best\n"}
,{"stream_name":"stdout","time":905.521490687,"data":"epoch 46/60 train=0.0386 val=0.2368 top1=0.9565 top5=0.9844 lr=5.67e-05\n"}
,{"stream_name":"stdout","time":923.623574629,"data":"epoch 47/60 train=0.0352 val=0.2375 top1=0.9580 top5=0.9860 lr=5.16e-05\n"}
,{"stream_name":"stdout","time":941.826836648,"data":"epoch 48/60 train=0.0342 val=0.2471 top1=0.9549 top5=0.9829 lr=4.68e-05\n"}
,{"stream_name":"stdout","time":959.713934227,"data":"epoch 49/60 train=0.0341 val=0.2432 top1=0.9518 top5=0.9829 lr=4.22e-05\n"}
,{"stream_name":"stdout","time":977.806370021,"data":"epoch 50/60 train=0.0306 val=0.2388 top1=0.9580 top5=0.9876 lr=3.80e-05\n"}
,{"stream_name":"stdout","time":996.175460579,"data":"epoch 51/60 train=0.0306 val=0.2338 top1=0.9611 top5=0.9844 lr=3.41e-05\n"}
,{"stream_name":"stdout","time":996.175533208,"data":" saved best\n"}
,{"stream_name":"stdout","time":1014.388267219,"data":"epoch 52/60 train=0.0251 val=0.2355 top1=0.9565 top5=0.9860 lr=3.05e-05\n"}
,{"stream_name":"stdout","time":1032.776556146,"data":"epoch 53/60 train=0.0295 val=0.2303 top1=0.9611 top5=0.9860 lr=2.73e-05\n"}
,{"stream_name":"stdout","time":1032.776593524,"data":" saved best\n"}
,{"stream_name":"stdout","time":1051.489088668,"data":"epoch 54/60 train=0.0255 val=0.2313 top1=0.9580 top5=0.9860 lr=2.45e-05\n"}
,{"stream_name":"stdout","time":1070.308585275,"data":"epoch 55/60 train=0.0253 val=0.2349 top1=0.9596 top5=0.9876 lr=2.20e-05\n"}
,{"stream_name":"stdout","time":1089.186780297,"data":"epoch 56/60 train=0.0240 val=0.2330 top1=0.9596 top5=0.9844 lr=1.99e-05\n"}
,{"stream_name":"stdout","time":1107.906715565,"data":"epoch 57/60 train=0.0241 val=0.2314 top1=0.9580 top5=0.9860 lr=1.81e-05\n"}
,{"stream_name":"stdout","time":1126.472887445,"data":"epoch 58/60 train=0.0248 val=0.2334 top1=0.9611 top5=0.9860 lr=1.68e-05\n"}
,{"stream_name":"stdout","time":1145.714532583,"data":"epoch 59/60 train=0.0209 val=0.2366 top1=0.9658 top5=0.9860 lr=1.58e-05\n"}
,{"stream_name":"stdout","time":1145.714602756,"data":" saved best\n"}
,{"stream_name":"stdout","time":1165.148685804,"data":"epoch 60/60 train=0.0218 val=0.2293 top1=0.9611 top5=0.9860 lr=1.52e-05\n"}
,{"stream_name":"stdout","time":1165.148740261,"data":"Best epoch: 59 best val top1: 0.9657853810264385 best val top5: 0.9860031104199067\n"}
,{"stream_name":"stderr","time":1165.294925487,"data":"/tmp/ipykernel_23/2370805693.py:8: UserWarning: enable_nested_tensor is True, but self.use_nested_tensor is False because encoder_layer.norm_first was True\n"}
,{"stream_name":"stderr","time":1165.29495769,"data":"  super().__init__(); self.proj=nn.Sequential(nn.Linear(inp,d),nn.LayerNorm(d)); self.pos=LearnedPos(nframes,d,drop); layer=nn.TransformerEncoderLayer(d,nhead,ff,drop,activation='gelu',batch_first=True,norm_first=True); self.enc=nn.TransformerEncoder(layer,layers,norm=nn.LayerNorm(d))\n"}
,{"stream_name":"stderr","time":1165.29496643,"data":"/tmp/ipykernel_23/2370805693.py:15: UserWarning: enable_nested_tensor is True, but self.use_nested_tensor is False because encoder_layer.norm_first was True\n"}
,{"stream_name":"stderr","time":1165.294973432,"data":"  layer=nn.TransformerEncoderLayer(d_model,nhead,dim_feedforward,dropout,activation='gelu',batch_first=True,norm_first=True); self.temporal=nn.TransformerEncoder(layer,num_temporal_layers,norm=nn.LayerNorm(d_model)); self.norm=nn.LayerNorm(d_model)\n"}
,{"stream_name":"stderr","time":1165.294980047,"data":"\n"}
,{"stream_name":"stderr","time":1165.294985473,"data":"/tmp/ipykernel_23/2370805693.py:8: UserWarning: enable_nested_tensor is True, but self.use_nested_tensor is False because encoder_layer.norm_first was True\n"}
,{"stream_name":"stderr","time":1165.294991666,"data":"  super().__init__(); self.proj=nn.Sequential(nn.Linear(inp,d),nn.LayerNorm(d)); self.pos=LearnedPos(nframes,d,drop); layer=nn.TransformerEncoderLayer(d,nhead,ff,drop,activation='gelu',batch_first=True,norm_first=True); self.enc=nn.TransformerEncoder(layer,layers,norm=nn.LayerNorm(d))\n"}
,{"stream_name":"stderr","time":1165.294998289,"data":"/tmp/ipykernel_23/2370805693.py:15: UserWarning: enable_nested_tensor is True, but self.use_nested_tensor is False because encoder_layer.norm_first was True\n"}
,{"stream_name":"stderr","time":1165.295004496,"data":"  layer=nn.TransformerEncoderLayer(d_model,nhead,dim_feedforward,dropout,activation='gelu',batch_first=True,norm_first=True); self.temporal=nn.TransformerEncoder(layer,num_temporal_layers,norm=nn.LayerNorm(d_model)); self.norm=nn.LayerNorm(d_model)\n"}
,{"stream_name":"stdout","time":1169.118619631,"data":"{\n"}
,{"stream_name":"stdout","time":1169.1186592,"data":"  \"test_loss\": 0.20742338960541304,\n"}
,{"stream_name":"stdout","time":1169.118685044,"data":"  \"test_top1_accuracy\": 0.9517884914463453,\n"}
,{"stream_name":"stdout","time":1169.118690683,"data":"  \"test_top5_accuracy\": 0.9922239502332815,\n"}
,{"stream_name":"stdout","time":1169.118695807,"data":"  \"macro_precision\": 0.9564885496183206,\n"}
,{"stream_name":"stdout","time":1169.118700329,"data":"  \"macro_recall\": 0.9561068702290076,\n"}
,{"stream_name":"stdout","time":1169.118704774,"data":"  \"macro_f1\": 0.9510996001454016,\n"}
,{"stream_name":"stdout","time":1169.118709158,"data":"  \"weighted_f1\": 0.9474820410279198,\n"}
,{"stream_name":"stdout","time":1169.118715357,"data":"  \"best_epoch\": 59,\n"}
,{"stream_name":"stdout","time":1169.118723019,"data":"  \"best_validation_top1\": 0.9657853810264385,\n"}
,{"stream_name":"stdout","time":1169.118726167,"data":"  \"best_validation_top5\": 0.9860031104199067,\n"}
,{"stream_name":"stdout","time":1169.118729181,"data":"  \"num_test_samples\": 643,\n"}
,{"stream_name":"stdout","time":1169.118758798,"data":"  \"num_classes\": 262\n"}
,{"stream_name":"stdout","time":1169.118763731,"data":"}\n"}
,{"stream_name":"stdout","time":1178.019409816,"data":"Lowest accuracy:\n"}
,{"stream_name":"stdout","time":1178.026778558,"data":"Highest accuracy:\n"}
,{"stream_name":"stdout","time":1178.048423663,"data":"Most common confusions:\n"}
,{"stream_name":"stderr","time":1181.869973082,"data":"/tmp/ipykernel_23/2370805693.py:8: UserWarning: enable_nested_tensor is True, but self.use_nested_tensor is False because encoder_layer.norm_first was True\n"}
,{"stream_name":"stderr","time":1181.870012956,"data":"  super().__init__(); self.proj=nn.Sequential(nn.Linear(inp,d),nn.LayerNorm(d)); self.pos=LearnedPos(nframes,d,drop); layer=nn.TransformerEncoderLayer(d,nhead,ff,drop,activation='gelu',batch_first=True,norm_first=True); self.enc=nn.TransformerEncoder(layer,layers,norm=nn.LayerNorm(d))\n"}
,{"stream_name":"stderr","time":1181.870025491,"data":"/tmp/ipykernel_23/2370805693.py:15: UserWarning: enable_nested_tensor is True, but self.use_nested_tensor is False because encoder_layer.norm_first was True\n"}
,{"stream_name":"stderr","time":1181.870031264,"data":"  layer=nn.TransformerEncoderLayer(d_model,nhead,dim_feedforward,dropout,activation='gelu',batch_first=True,norm_first=True); self.temporal=nn.TransformerEncoder(layer,num_temporal_layers,norm=nn.LayerNorm(d_model)); self.norm=nn.LayerNorm(d_model)\n"}
,{"stream_name":"stderr","time":1181.870036973,"data":"\n"}
,{"stream_name":"stderr","time":1181.87004178,"data":"/tmp/ipykernel_23/2370805693.py:8: UserWarning: enable_nested_tensor is True, but self.use_nested_tensor is False because encoder_layer.norm_first was True\n"}
,{"stream_name":"stderr","time":1181.870047254,"data":"  super().__init__(); self.proj=nn.Sequential(nn.Linear(inp,d),nn.LayerNorm(d)); self.pos=LearnedPos(nframes,d,drop); layer=nn.TransformerEncoderLayer(d,nhead,ff,drop,activation='gelu',batch_first=True,norm_first=True); self.enc=nn.TransformerEncoder(layer,layers,norm=nn.LayerNorm(d))\n"}
,{"stream_name":"stderr","time":1181.870053113,"data":"/tmp/ipykernel_23/2370805693.py:15: UserWarning: enable_nested_tensor is True, but self.use_nested_tensor is False because encoder_layer.norm_first was True\n"}
,{"stream_name":"stderr","time":1181.870058691,"data":"  layer=nn.TransformerEncoderLayer(d_model,nhead,dim_feedforward,dropout,activation='gelu',batch_first=True,norm_first=True); self.temporal=nn.TransformerEncoder(layer,num_temporal_layers,norm=nn.LayerNorm(d_model)); self.norm=nn.LayerNorm(d_model)\n"}
,{"stream_name":"stdout","time":1181.992146976,"data":"Load result: \u003cAll keys matched successfully\u003e\n"}
,{"stream_name":"stdout","time":1181.992192054,"data":"Embedding shape: (32, 128)\n"}
,{"stream_name":"stdout","time":1181.992198175,"data":"Finite: True\n"}
,{"stream_name":"stdout","time":1181.992202823,"data":"Independent encoder reload PASSED\n"}
,{"stream_name":"stdout","time":1182.188817108,"data":"====================================================================================================\n"}
,{"stream_name":"stdout","time":1182.188847593,"data":"GENERATED ARTIFACTS\n"}
,{"stream_name":"stdout","time":1182.188854705,"data":"====================================================================================================\n"}
,{"stream_name":"stdout","time":1182.188860318,"data":"/kaggle/working/output/best_classifier.pt [ 3.91 MB ]\n"}
,{"stream_name":"stdout","time":1182.188872712,"data":"/kaggle/working/output/best_encoder.pt [ 3.77 MB ]\n"}
,{"stream_name":"stdout","time":1182.188878029,"data":"/kaggle/working/output/best_training_checkpoint.pt [ 11.70 MB ]\n"}
,{"stream_name":"stdout","time":1182.188883317,"data":"/kaggle/working/output/config.json [ 1.89 KB ]\n"}
,{"stream_name":"stdout","time":1182.18890084,"data":"/kaggle/working/output/confusion_matrix.png [ 149.65 KB ]\n"}
,{"stream_name":"stdout","time":1182.1889054,"data":"/kaggle/working/output/confusion_pairs.csv [ 1.22 KB ]\n"}
,{"stream_name":"stdout","time":1182.188909438,"data":"/kaggle/working/output/data_quality.json [ 7.99 KB ]\n"}
,{"stream_name":"stdout","time":1182.18891355,"data":"/kaggle/working/output/invalid_samples.csv [ 1.00 B ]\n"}
,{"stream_name":"stdout","time":1182.18891777,"data":"/kaggle/working/output/label_mapping.json [ 15.25 KB ]\n"}
,{"stream_name":"stdout","time":1182.188921758,"data":"/kaggle/working/output/learning_rate_curve.png [ 66.60 KB ]\n"}
,{"stream_name":"stdout","time":1182.188925852,"data":"/kaggle/working/output/loss_curve.png [ 66.36 KB ]\n"}
,{"stream_name":"stdout","time":1182.188929931,"data":"/kaggle/working/output/metrics.json [ 437.00 B ]\n"}
,{"stream_name":"stdout","time":1182.188933901,"data":"/kaggle/working/output/most_confused_classes.png [ 249.92 KB ]\n"}
,{"stream_name":"stdout","time":1182.188938086,"data":"/kaggle/working/output/normalized_confusion_matrix.png [ 150.51 KB ]\n"}
,{"stream_name":"stdout","time":1182.188942183,"data":"/kaggle/working/output/per_class_accuracy.csv [ 7.63 KB ]\n"}
,{"stream_name":"stdout","time":1182.188946269,"data":"/kaggle/working/output/predictions.csv [ 142.12 KB ]\n"}
,{"stream_name":"stdout","time":1182.188950365,"data":"/kaggle/working/output/training_curves.png [ 202.83 KB ]\n"}
,{"stream_name":"stdout","time":1182.188954448,"data":"/kaggle/working/output/training_history.csv [ 6.02 KB ]\n"}
,{"stream_name":"stdout","time":1182.188958423,"data":"/kaggle/working/output/validation_top1_curve.png [ 49.37 KB ]\n"}
,{"stream_name":"stdout","time":1182.188962615,"data":"/kaggle/working/output/validation_top5_curve.png [ 43.36 KB ]\n"}
,{"stream_name":"stdout","time":1182.188966984,"data":"\n"}
,{"stream_name":"stdout","time":1182.188971019,"data":"Training complete.\n"}
,{"stream_name":"stdout","time":1182.188974968,"data":"Best validation top-1: 0.9658\n"}
,{"stream_name":"stdout","time":1182.188978905,"data":"Best validation top-5: 0.9860\n"}
,{"stream_name":"stdout","time":1182.188982909,"data":"Test top-1: 0.9518\n"}
,{"stream_name":"stdout","time":1182.188986783,"data":"Test top-5: 0.9922\n"}
,{"stream_name":"stdout","time":1182.188990618,"data":"Macro F1: 0.9511\n"}
,{"stream_name":"stdout","time":1182.188994604,"data":"\n"}
,{"stream_name":"stdout","time":1182.188998353,"data":"Reusable encoder:\n"}
,{"stream_name":"stdout","time":1182.189002263,"data":" /kaggle/working/output/best_encoder.pt\n"}
,{"stream_name":"stderr","time":1187.596996738,"data":"/usr/local/lib/python3.12/dist-packages/mistune.py:435: SyntaxWarning: invalid escape sequence '\\|'\n"}
,{"stream_name":"stderr","time":1187.597034046,"data":"  cells[i][c] = re.sub('\\\\\\\\\\|', '|', cell)\n"}
,{"stream_name":"stderr","time":1187.736052213,"data":"/usr/local/lib/python3.12/dist-packages/nbconvert/filters/filter_links.py:36: SyntaxWarning: invalid escape sequence '\\_'\n"}
,{"stream_name":"stderr","time":1187.736084554,"data":"  text = re.sub(r'_', '\\_', text) # Escape underscores in display text\n"}
,{"stream_name":"stderr","time":1188.309067662,"data":"[NbConvertApp] Converting notebook __notebook__.ipynb to notebook\n"}
,{"stream_name":"stderr","time":1189.042433532,"data":"[NbConvertApp] Writing 2028916 bytes to __notebook__.ipynb\n"}
,{"stream_name":"stderr","time":1191.367300497,"data":"[NbConvertApp] Converting notebook __notebook__.ipynb to html\n"}
,{"stream_name":"stderr","time":1192.680083808,"data":"[NbConvertApp] Support files will be in __results___files/\n"}
,{"stream_name":"stderr","time":1192.680127299,"data":"[NbConvertApp] Making directory __results___files\n"}
,{"stream_name":"stderr","time":1192.68046217,"data":"[NbConvertApp] Making directory __results___files\n"}
,{"stream_name":"stderr","time":1192.680728136,"data":"[NbConvertApp] Making directory __results___files\n"}
,{"stream_name":"stderr","time":1192.680963536,"data":"[NbConvertApp] Making directory __results___files\n"}
,{"stream_name":"stderr","time":1192.681177551,"data":"[NbConvertApp] Making directory __results___files\n"}
,{"stream_name":"stderr","time":1192.681308188,"data":"[NbConvertApp] Making directory __results___files\n"}
,{"stream_name":"stderr","time":1192.6814854,"data":"[NbConvertApp] Making directory __results___files\n"}
,{"stream_name":"stderr","time":1192.681733999,"data":"[NbConvertApp] Writing 1818912 bytes to __results__.html\n"}
]