sample_id,true_idx,true_label,predicted_idx,predicted_label,confidence,correct,top5_labels,top5_probabilities
13910d76ee294995154b,214,places::location,214,places::location,0.9966123700141907,True,places::location|places::bank|adjectives::flat|people::brother|jobs::patient,0.99661237|0.00144659|0.00071332|0.00030322|0.00009654
2cf28c32b7c0a6326411,202,people::sister,202,people::sister,0.9793434143066406,True,people::sister|people::brother|adjectives::blind|pronouns::you (plural)|greetings::good evening,0.97934341|0.01793730|0.00027450|0.00018073|0.00015041
fa6c2a9493d8b93244a2,200,people::president,200,people::president,0.9954462647438049,True,people::president|society::team|places::ground|places::temple|places::location,0.99544626|0.00058607|0.00046726|0.00043046|0.00035686
5e05d7a933e83350dd9e,37,adjectives::old,37,adjectives::old,0.9616729617118835,True,adjectives::old|colours::yellow|adjectives::ugly|days and time::morning|people::mother,0.96167296|0.01803135|0.00545646|0.00268012|0.00203893
53bca184f8278ec98a8c,212,places::india,212,places::india,0.996202290058136,True,places::india|jobs::job|seasons::fall|adjectives::thin|days and time::sunday,0.99620229|0.00179255|0.00014543|0.00014261|0.00009840
2033f4fc743c5f097923,79,colours::brown,79,colours::brown,0.9911662936210632,True,colours::brown|adjectives::slow|clothes::shoes|home::ring|adjectives::long,0.99116629|0.00163024|0.00144996|0.00120677|0.00104030
72b4f115d06ff5c23eb6,49,adjectives::tall,49,adjectives::tall,0.9974652528762817,True,adjectives::tall|pronouns::they|jobs::reporter|electronics::fan|days and time::afternoon,0.99746525|0.00075997|0.00022819|0.00014448|0.00013520
5ec0a190db489bce7faa,75,clothes::suit,75,clothes::suit,0.9982196688652039,True,clothes::suit|society::medicine|home::tool|society::race (ethnicity)|clothes::shirt,0.99821967|0.00024214|0.00019840|0.00014918|0.00014179
925b0294a6ce71b37994,124,greetings::hello,124,greetings::hello,0.9814702868461609,True,greetings::hello|colours::green|home::bed|society::god|days and time::night,0.98147029|0.00925338|0.00173866|0.00157075|0.00100234
db89fc3dda2c1c20d14a,101,days and time::time,101,days and time::time,0.9929344654083252,True,days and time::time|jobs::doctor|colours::brown|days and time::hour|animals::mouse,0.99293447|0.00140786|0.00123759|0.00120892|0.00040971
26d3aeb7d83ec2416e72,192,people::grandmother,192,people::grandmother,0.9953839182853699,True,people::grandmother|colours::pink|greetings::pleased|adjectives::new|people::grandfather,0.99538392|0.00072366|0.00064616|0.00037397|0.00018731
52fe6103b81678624a3d,82,colours::grey,82,colours::grey,0.9379522800445557,True,colours::grey|colours::black|electronics::cell phone|electronics::fan|days and time::sunday,0.93795228|0.03416491|0.01148860|0.00331736|0.00217557
fd2c534c24232259f6d4,42,adjectives::shallow,42,adjectives::shallow,0.9863647222518921,True,adjectives::shallow|adjectives::dry|jobs::actor|seasons::season|places::court,0.98636472|0.00263332|0.00153001|0.00087861|0.00081258
8356e50ef556329b148b,215,places::market,215,places::market,0.9981487989425659,True,places::market|adjectives::happy|adjectives::light|places::store or shop|home::page,0.99814880|0.00044186|0.00035923|0.00026385|0.00004142
f079aa87e219420f93da,218,places::restaurant,218,places::restaurant,0.993871808052063,True,places::restaurant|pronouns::she|home::door|days and time::evening|adjectives::dry,0.99387181|0.00155983|0.00063023|0.00056714|0.00029654
4b028199f69c758e906f,70,clothes::pant,70,clothes::pant,0.9969136714935303,True,clothes::pant|clothes::skirt|animals::mouse|colours::orange|society::money,0.99691367|0.00139159|0.00027942|0.00008244|0.00007506
7b1e30bab2d6e99928f2,146,home::pen,146,home::pen,0.918326735496521,True,home::pen|home::pencil|society::money|adjectives::fast|colours::blue,0.91832674|0.07192891|0.00421960|0.00083741|0.00056002
c93d74205354c8da7771,261,society::war,261,society::war,0.9967541098594666,True,society::war|clothes::t-shirt|clothes::dress|adjectives::loose|seasons::fall,0.99675411|0.00051992|0.00042767|0.00039553|0.00015795
ac6a2ba4b31513f2a2b7,14,adjectives::dry,14,adjectives::dry,0.9814112782478333,True,adjectives::dry|places::library|means of transportation::car|jobs::reporter|people::husband,0.98141128|0.00648480|0.00226750|0.00154630|0.00126206
37d55ee77257eb3f12a0,22,adjectives::hard,22,adjectives::hard,0.9734347462654114,True,adjectives::hard|people::grandfather|people::father|society::sport|days and time::minute,0.97343475|0.00493165|0.00202395|0.00174475|0.00165190
45301c5cd50909d4ab69,86,colours::white,92,days and time::minute,0.48434895277023315,False,days and time::minute|colours::white|adjectives::blind|home::pencil|pronouns::you,0.48434895|0.36276060|0.01937640|0.01532799|0.01321356
63065266d56091212189,134,home::card,134,home::card,0.9775611758232117,True,home::card|home::gift|home::kitchen|jobs::manager|people::baby,0.97756118|0.01206767|0.00144128|0.00067288|0.00061747
522470c1970d60dca849,157,jobs::author,157,jobs::author,0.9980917572975159,True,jobs::author|jobs::reporter|means of transportation::bus|means of transportation::car|home::letter,0.99809176|0.00036203|0.00023012|0.00020387|0.00014012
a6af2bb92a837e5fef30,219,places::school,219,places::school,0.9974218606948853,True,places::school|jobs::student|places::ground|seasons::spring|home::book,0.99742186|0.00089893|0.00017701|0.00015805|0.00007208
f3b15b3de0cd7bc77b32,85,colours::red,85,colours::red,0.9476267695426941,True,colours::red|days and time::today|home::telephone|clothes::clothing|adjectives::young,0.94762677|0.02045083|0.00370985|0.00238592|0.00207293
17b20fe64b661640c814,155,jobs::actor,155,jobs::actor,0.9841371774673462,True,jobs::actor|people::husband|people::president|adjectives::dry|adjectives::deep,0.98413718|0.01076328|0.00037999|0.00036259|0.00034870
8c1a9ade5e5ee51cf4f6,59,animals::animal,59,animals::animal,0.9794932007789612,True,animals::animal|home::box|society::sport|home::window|animals::cat,0.97949320|0.00877750|0.00381966|0.00172839|0.00069833
0fda8bca9e61458fa18d,162,jobs::patient,162,jobs::patient,0.9599902629852295,True,jobs::patient|pronouns::you (plural)|jobs::waiter|home::door|home::bed,0.95999026|0.03159063|0.00104363|0.00045950|0.00039457
3c77477b01f557debb06,251,society::newspaper,251,society::newspaper,0.998854398727417,True,society::newspaper|society::peace|adjectives::dry|home::dream|society::religion,0.99885440|0.00017316|0.00012279|0.00009675|0.00008844
e2afbbd28a960734b41b,31,adjectives::low,31,adjectives::low,0.9961662292480469,True,adjectives::low|people::baby|adjectives::cheap|greetings::hello|colours::colour,0.99616623|0.00078002|0.00073563|0.00031027|0.00021408
550e9eb629322f881b4b,166,jobs::secretary,166,jobs::secretary,0.9991108775138855,True,jobs::secretary|society::marriage|jobs::reporter|jobs::manager|places::court,0.99911088|0.00012771|0.00011493|0.00009163|0.00008541
113a4b2b931a67041385,172,means of transportation::boat,172,means of transportation::boat,0.4581669569015503,True,means of transportation::boat|animals::fish|adjectives::weak|adjectives::slow|colours::brown,0.45816696|0.21983090|0.12722836|0.06757047|0.02783940
a2f65f709638a060d393,238,seasons::winter,238,seasons::winter,0.9689184427261353,True,seasons::winter|home::window|places::temple|society::team|electronics::computer,0.96891844|0.00580659|0.00395975|0.00376369|0.00279694
800ca2db69f10502d320,134,home::card,134,home::card,0.9974625110626221,True,home::card|home::gift|animals::dog|home::kitchen|society::religion,0.99746251|0.00057142|0.00041158|0.00015806|0.00012455
f75c88269399ad3cef74,121,greetings::good evening,121,greetings::good evening,0.9986237287521362,True,greetings::good evening|days and time::evening|greetings::good morning|people::child|adjectives::nice,0.99862373|0.00022934|0.00016584|0.00014982|0.00007330
2a09479dad3ac7544dc5,231,pronouns::you,231,pronouns::you,0.984732449054718,True,pronouns::you|days and time::minute|adjectives::female|days and time::second|adjectives::mean,0.98473245|0.00411981|0.00329746|0.00309767|0.00042749
293f44799a5c5d13cfd9,148,home::photograph,148,home::photograph,0.9984293580055237,True,home::photograph|places::ground|electronics::camera|people::friend|animals::cow,0.99842936|0.00025680|0.00010831|0.00008469|0.00007924
a2711403672719da0c90,176,means of transportation::train,176,means of transportation::train,0.9944915771484375,True,means of transportation::train|colours::green|electronics::clock|animals::mouse|society::gun,0.99449158|0.00154262|0.00080658|0.00069260|0.00042338
a63970d9fcfbe9f8310f,259,society::team,259,society::team,0.9604347348213196,True,society::team|adjectives::rich|home::bathroom|seasons::winter|jobs::secretary,0.96043473|0.00702459|0.00330525|0.00291687|0.00235294
ed9cb2e627a789d9150e,19,adjectives::flat,19,adjectives::flat,0.9959695339202881,True,adjectives::flat|places::library|home::page|places::train station|places::bank,0.99596953|0.00080778|0.00040144|0.00021912|0.00017814
0052c0b2589e092726df,150,home::soap,150,home::soap,0.9796955585479736,True,home::soap|home::photograph|jobs::doctor|adjectives::alive|clothes::pocket,0.97969556|0.01233255|0.00168870|0.00079148|0.00050704
6e541526a91ff799de31,208,places::court,208,places::court,0.989474356174469,True,places::court|places::train station|adjectives::loose|adjectives::shallow|clothes::dress,0.98947436|0.00611801|0.00157738|0.00049829|0.00029523
d3bd851a95d07319ff05,53,adjectives::ugly,53,adjectives::ugly,0.9946252703666687,True,adjectives::ugly|adjectives::old|adjectives::beautiful|pronouns::he|days and time::morning,0.99462527|0.00074898|0.00067138|0.00063565|0.00040247
61c8b103aa034abaecc3,37,adjectives::old,37,adjectives::old,0.9966163039207458,True,adjectives::old|electronics::laptop|people::adult|people::grandfather|adjectives::sick,0.99661630|0.00061014|0.00027717|0.00025936|0.00023523
7be13bd830927bc3d60a,61,animals::cat,61,animals::cat,0.9976356029510498,True,animals::cat|seasons::ex. monsoon|adjectives::sick|means of transportation::bus|home::window,0.99763560|0.00086131|0.00010049|0.00007887|0.00006879
0c18d7e90694ad91afd4,88,days and time::afternoon,88,days and time::afternoon,0.9304744601249695,True,days and time::afternoon|electronics::lamp|adjectives::tall|adjectives::warm|pronouns::they,0.93047446|0.06137145|0.00201169|0.00115974|0.00049299
56d7970e18f2f951ae0c,222,places::temple,222,places::temple,0.9991851449012756,True,places::temple|places::ground|seasons::ex. monsoon|places::school|animals::cow,0.99918514|0.00013229|0.00008541|0.00007306|0.00004773
82101b56039bfa658eb6,212,places::india,212,places::india,0.9867966175079346,True,places::india|days and time::sunday|jobs::job|electronics::fan|adjectives::thin,0.98679662|0.00201204|0.00151877|0.00122037|0.00118282
0fdc0be230f15f379a47,132,home::book,132,home::book,0.7849670052528381,True,home::book|places::school|home::soap|greetings::thank you|seasons::spring,0.78496701|0.13640679|0.05177419|0.00655669|0.00250816
82503f93c4af5716b059,148,home::photograph,148,home::photograph,0.9970369338989258,True,home::photograph|places::ground|places::temple|animals::cow|people::friend,0.99703693|0.00056452|0.00032545|0.00023903|0.00013514
b98e4e3f1d784a9968c6,42,adjectives::shallow,42,adjectives::shallow,0.9960301518440247,True,adjectives::shallow|adjectives::dry|seasons::season|greetings::how are you|society::peace,0.99603015|0.00075592|0.00046028|0.00033283|0.00033024
0e9f79fcc3cc517c9ef5,54,adjectives::warm,54,adjectives::warm,0.9967683553695679,True,adjectives::warm|adjectives::old|seasons::spring|adjectives::sick|colours::orange,0.99676836|0.00053018|0.00017280|0.00016488|0.00015429
573dcb1656078a89e5e0,206,places::bank,206,places::bank,0.9967033267021179,True,places::bank|home::book|home::gift|adjectives::slow|people::wife,0.99670333|0.00102989|0.00034363|0.00014437|0.00013248
9efdadb4ccd768331e4a,257,society::sign,257,society::sign,0.976552426815033,True,society::sign|home::door|home::key|days and time::tomorrow|pronouns::it,0.97655243|0.01382137|0.00273224|0.00082037|0.00080136
fbb4c528a91a3472b319,218,places::restaurant,218,places::restaurant,0.9846306443214417,True,places::restaurant|days and time::minute|greetings::good night|greetings::pleased|home::pencil,0.98463064|0.00300206|0.00142362|0.00136375|0.00095952
38811842f5297a77690c,119,greetings::alright,119,greetings::alright,0.9819846749305725,True,greetings::alright|people::player|society::energy|home::pen|society::race (ethnicity),0.98198467|0.01020798|0.00152322|0.00109286|0.00103066
0f318411cec49d275ea9,43,adjectives::short,43,adjectives::short,0.9987289309501648,True,adjectives::short|home::tool|adjectives::tight|electronics::radio|people::family,0.99872893|0.00045438|0.00011900|0.00009942|0.00004865
0daa86fc3029b6318811,34,adjectives::narrow,34,adjectives::narrow,0.996155321598053,True,adjectives::narrow|places::street or road|people::player|adjectives::wide|adjectives::sick,0.99615532|0.00059806|0.00045321|0.00042575|0.00016160
d35ecc44bc727d4ee7a4,156,jobs::artist,156,jobs::artist,0.9923789501190186,True,jobs::artist|adjectives::curved|places::university|pronouns::you (plural)|adjectives::thin,0.99237895|0.00257791|0.00103347|0.00040156|0.00031274
7e5883bd965d6a69c099,167,jobs::soldier,167,jobs::soldier,0.9922377467155457,True,jobs::soldier|adjectives::long|society::race (ethnicity)|adjectives::slow|adjectives::poor,0.99223775|0.00541420|0.00075304|0.00015723|0.00014372
8e5120b6435ede1d35f6,73,clothes::shoes,73,clothes::shoes,0.9942572116851807,True,clothes::shoes|clothes::shirt|society::election|greetings::alright|colours::brown,0.99425721|0.00269619|0.00067905|0.00042827|0.00034278
14148b40555bace2b2ac,10,adjectives::dead,10,adjectives::dead,0.9947468638420105,True,adjectives::dead|greetings::pleased|adjectives::expensive|adjectives::new|colours::colour,0.99474686|0.00131467|0.00037227|0.00034564|0.00031594
6a9739e0009ff66a6dfc,69,clothes::hat,69,clothes::hat,0.9870843291282654,True,clothes::hat|seasons::fall|days and time::night|society::god|means of transportation::bus,0.98708433|0.00786737|0.00137787|0.00030625|0.00022318
cbdaa4d1c1959518d9d2,122,greetings::good morning,122,greetings::good morning,0.9908409118652344,True,greetings::good morning|greetings::good night|adjectives::good|greetings::good evening|adjectives::healthy,0.99084091|0.00303282|0.00131977|0.00066883|0.00050882
60f1f50f49df435ca80d,126,greetings::pleased,126,greetings::pleased,0.9935698509216309,True,greetings::pleased|adjectives::sad|adjectives::new|adjectives::alive|adjectives::dead,0.99356985|0.00240576|0.00039120|0.00038065|0.00027417
a2e7fa50e74e2e410413,215,places::market,215,places::market,0.9969772100448608,True,places::market|adjectives::happy|adjectives::light|places::store or shop|home::ring,0.99697721|0.00105460|0.00022106|0.00013460|0.00012894
bcaeef4d48e37ce0468d,230,pronouns::we,230,pronouns::we,0.9874600172042847,True,pronouns::we|adjectives::hard|adjectives::clean|people::president|seasons::spring,0.98746002|0.00391136|0.00195909|0.00186938|0.00102433
08778d4c747d2f5eacb5,194,people::king,194,people::king,0.9949132204055786,True,people::king|seasons::fall|people::boy|people::queen|places::india,0.99491322|0.00091079|0.00056112|0.00029685|0.00027561
498cf111ac2df1f7bda4,85,colours::red,85,colours::red,0.9954267740249634,True,colours::red|colours::pink|colours::colour|pronouns::you|adjectives::young,0.99542677|0.00215212|0.00031988|0.00026313|0.00018952
9e13f8e1e265cb6bffce,56,adjectives::wet,123,greetings::good night,0.546237587928772,False,greetings::good night|days and time::night|adjectives::wet|society::ball|places::restaurant,0.54623759|0.28784698|0.07193121|0.02317091|0.00623637
19a37815d570be2483a2,20,adjectives::good,20,adjectives::good,0.9918786287307739,True,adjectives::good|colours::yellow|colours::blue|places::office|adjectives::beautiful,0.99187863|0.00429819|0.00075868|0.00046377|0.00032503
a88f4d00dfa17170f053,231,pronouns::you,231,pronouns::you,0.8543969988822937,True,pronouns::you|days and time::second|adjectives::female|seasons::fall|days and time::minute,0.85439700|0.07672593|0.02198235|0.00877820|0.00808685
9073006c4ba00bf7d165,216,places::office,216,places::office,0.9935636520385742,True,places::office|places::university|home::key|colours::blue|jobs::waiter,0.99356365|0.00089197|0.00082816|0.00036039|0.00035342
039926a070a730535ce9,16,adjectives::famous,16,adjectives::famous,0.9959582686424255,True,adjectives::famous|pronouns::she|days and time::yesterday|adjectives::new|greetings::good night,0.99595827|0.00091890|0.00056391|0.00033805|0.00018963
1a9c54f0e010163f078f,231,pronouns::you,226,pronouns::i,0.6251368522644043,False,pronouns::i|pronouns::you|home::lock|jobs::lawyer|home::photograph,0.62513685|0.36463913|0.00117884|0.00080390|0.00072061
9a8efe6c11ca1b9536a8,90,days and time::friday,90,days and time::friday,0.9911229610443115,True,days and time::friday|electronics::cell phone|people::man|places::university|adjectives::thick,0.99112296|0.00566766|0.00101616|0.00042692|0.00027349
0e1e0a0cb266f5adc77a,66,animals::mouse,66,animals::mouse,0.9799963235855103,True,animals::mouse|society::gun|animals::horse|days and time::second|adjectives::mean,0.97999632|0.01071799|0.00134151|0.00105297|0.00097004
62880a6f3cc0a5f9409d,245,society::exercise,245,society::exercise,0.6019201874732971,True,society::exercise|seasons::season|electronics::screen|home::bathroom|adjectives::soft,0.60192019|0.18357529|0.04209667|0.02209690|0.01329815
83019437d9a6b04e1ea0,195,people::man,195,people::man,0.6637147665023804,True,people::man|adjectives::male|colours::pink|colours::yellow|colours::red,0.66371477|0.32095152|0.00498896|0.00267040|0.00077108
76d7c5cedf1e8a0b06b2,26,adjectives::hot,26,adjectives::hot,0.9840763211250305,True,adjectives::hot|greetings::thank you|home::page|places::park|home::soap,0.98407632|0.00854725|0.00072105|0.00050141|0.00047845
e8fae4200b6188cd3987,223,places::train station,223,places::train station,0.9987809062004089,True,places::train station|means of transportation::transportation|jobs::reporter|means of transportation::bicycle|means of transportation::car,0.99878091|0.00039633|0.00007713|0.00007106|0.00005138
c4dd86740b6ae8f1be6e,36,adjectives::nice,36,adjectives::nice,0.9939460158348083,True,adjectives::nice|places::office|adjectives::good|people::husband|greetings::good night,0.99394602|0.00160319|0.00070587|0.00024973|0.00019949
2c8e8dcd6be83f81cbc3,123,greetings::good night,123,greetings::good night,0.997154712677002,True,greetings::good night|days and time::night|adjectives::wet|clothes::shoes|adjectives::famous,0.99715471|0.00039108|0.00017286|0.00012524|0.00011951
22708813d06b04c95db0,186,people::daughter,186,people::daughter,0.7968212366104126,True,people::daughter|people::son|people::baby|people::parent|jobs::police,0.79682124|0.16702281|0.01628111|0.00594287|0.00339940
23a344a94c8385b62729,97,days and time::saturday,97,days and time::saturday,0.9188830256462097,True,days and time::saturday|people::girl|people::woman|people::mother|colours::black,0.91888303|0.03704826|0.02203628|0.00616725|0.00214806
1b5a870aaf59435a79da,230,pronouns::we,230,pronouns::we,0.9981056451797485,True,pronouns::we|seasons::spring|adjectives::hard|adjectives::clean|jobs::reporter,0.99810565|0.00041997|0.00032580|0.00025472|0.00007129
631be50a789c37a79043,180,people::adult,180,people::adult,0.9989787340164185,True,people::adult|jobs::police|adjectives::old|adjectives::cool|society::attack,0.99897873|0.00011051|0.00007448|0.00005220|0.00004734
7969c0e58f379acba44b,87,colours::yellow,146,home::pen,0.6144517064094543,False,home::pen|colours::yellow|home::telephone|people::man|society::energy,0.61445171|0.30417565|0.06787076|0.00197872|0.00060347
6443da5c0468bb86203b,95,days and time::morning,95,days and time::morning,0.9865520000457764,True,days and time::morning|adjectives::old|colours::yellow|days and time::night|colours::grey,0.98655200|0.00808110|0.00094648|0.00038541|0.00035645
28ce3fff6710f495ec6b,158,jobs::doctor,158,jobs::doctor,0.9900506138801575,True,jobs::doctor|home::soap|home::dream|home::photograph|adjectives::sad,0.99005061|0.00383078|0.00073685|0.00065793|0.00054545
d638c831ea43d1328b93,93,days and time::monday,93,days and time::monday,0.9978567957878113,True,days and time::monday|people::daughter|people::baby|jobs::police|colours::blue,0.99785680|0.00037784|0.00035081|0.00027535|0.00011797
8c863011f5c5da65971f,7,adjectives::cold,7,adjectives::cold,0.9275422096252441,True,adjectives::cold|places::court|people::player|home::chair|society::energy,0.92754221|0.02017437|0.01947744|0.00860937|0.00330627
950571542fa7b6b488ec,163,jobs::police,163,jobs::police,0.9983697533607483,True,jobs::police|electronics::clock|jobs::teacher|means of transportation::train|animals::fish,0.99836975|0.00058095|0.00010498|0.00008979|0.00007591
5af0cc59054d6ea8d825,58,adjectives::young,58,adjectives::young,0.9979854822158813,True,adjectives::young|people::sister|means of transportation::plane|colours::colour|people::baby,0.99798548|0.00048521|0.00027863|0.00016769|0.00014740
f78ba7068b792f2a6aac,107,days and time::year,107,days and time::year,0.9948097467422485,True,days and time::year|electronics::television|days and time::month|jobs::soldier|days and time::tomorrow,0.99480975|0.00097704|0.00086561|0.00045083|0.00024037
6a73b22c5d9fc9b86363,217,places::park,217,places::park,0.998196542263031,True,places::park|adjectives::hot|days and time::morning|means of transportation::bus|adjectives::wet,0.99819654|0.00075757|0.00011618|0.00009707|0.00007185
5b51d666b742b5f12452,144,home::paint,144,home::paint,0.9972987771034241,True,home::paint|means of transportation::plane|jobs::reporter|colours::colour|home::dream,0.99729878|0.00071941|0.00021349|0.00012260|0.00011338
47b31190c6b520668dbd,32,adjectives::male,32,adjectives::male,0.9910577535629272,True,adjectives::male|people::man|colours::red|adjectives::young|adjectives::mean,0.99105775|0.00380484|0.00125470|0.00112471|0.00031600
a37af0b4e1f4d48b4b62,259,society::team,259,society::team,0.9966411590576172,True,society::team|home::bedroom|places::ground|society::energy|seasons::winter,0.99664116|0.00035590|0.00024846|0.00023159|0.00021671
bc7173889d634c6c267e,111,electronics::clock,111,electronics::clock,0.9807419776916504,True,electronics::clock|home::tool|clothes::hat|means of transportation::train|home::page,0.98074198|0.01035561|0.00078004|0.00075016|0.00063914
2feb47c1c94f920d0d0f,243,society::election,243,society::election,0.9938949942588806,True,society::election|clothes::shoes|society::science|means of transportation::transportation|means of transportation::bicycle,0.99389499|0.00362680|0.00085808|0.00048701|0.00016186
6c812e49297e6901ede4,135,home::chair,135,home::chair,0.9948380589485168,True,home::chair|home::key|adjectives::fast|people::child|adjectives::cold,0.99483806|0.00060195|0.00042685|0.00036226|0.00030986
659c8f5f1fe1ed043ea6,60,animals::bird,60,animals::bird,0.9946857690811157,True,animals::bird|home::bedroom|pronouns::we|seasons::spring|electronics::television,0.99468577|0.00159813|0.00061373|0.00047797|0.00025886
9d9efb058efa223f6d73,96,days and time::night,96,days and time::night,0.9778553247451782,True,days and time::night|days and time::morning|society::ball|greetings::hello|greetings::good night,0.97785532|0.01735901|0.00144735|0.00086425|0.00028949
7f0e4aa0de5a4cf25ce5,67,clothes::clothing,68,clothes::dress,0.9430804252624512,False,clothes::dress|clothes::clothing|adjectives::dead|colours::colour|places::court,0.94308043|0.02781886|0.00838543|0.00350925|0.00272235
d90e75c59128cf0c08bd,0,adjectives::alive,0,adjectives::alive,0.972244918346405,True,adjectives::alive|home::soap|animals::mouse|adjectives::sad|clothes::pocket,0.97224492|0.01272629|0.00532587|0.00259562|0.00203733
a3ec51fa8609686d7b27,234,seasons::fall,234,seasons::fall,0.9922671914100647,True,seasons::fall|days and time::tomorrow|adjectives::deaf|society::ball|people::crowd,0.99226719|0.00142907|0.00105785|0.00062188|0.00026957
fe1131afdd6abe231034,69,clothes::hat,69,clothes::hat,0.6444539427757263,True,clothes::hat|electronics::fan|people::queen|adjectives::warm|colours::grey,0.64445394|0.29736665|0.01291316|0.00696613|0.00646783
5abe5c2d4f4a0fa9b65c,144,home::paint,144,home::paint,0.9969885945320129,True,home::paint|colours::colour|days and time::year|jobs::student|people::neighbour,0.99698859|0.00043113|0.00031914|0.00027511|0.00021259
01f81f19ac6f3d4a1228,221,places::street or road,221,places::street or road,0.9956918358802795,True,places::street or road|adjectives::long|electronics::radio|adjectives::narrow|adjectives::short,0.99569184|0.00217807|0.00041246|0.00029477|0.00019559
9a42cb7ddac7cc4123ea,17,adjectives::fast,17,adjectives::fast,0.9230384230613708,True,adjectives::fast|days and time::thursday|adjectives::old|days and time::yesterday|adjectives::ugly,0.92303842|0.04167971|0.00374289|0.00368486|0.00203497
7dc8781d4df8baa8c6f2,258,society::sport,258,society::sport,0.9985783100128174,True,society::sport|animals::animal|means of transportation::car|adjectives::dry|society::medicine,0.99857831|0.00019463|0.00015457|0.00013429|0.00010623
e039b40c895aac0a0da0,115,electronics::laptop,115,electronics::laptop,0.994681179523468,True,electronics::laptop|society::marriage|society::bill|adjectives::sick|means of transportation::bus,0.99468118|0.00329197|0.00032722|0.00013170|0.00011177
73f2d409f3efa33219e0,46,adjectives::small little,46,adjectives::small little,0.9510272145271301,True,adjectives::small little|seasons::spring|adjectives::loud|adjectives::big large|places::house,0.95102721|0.02052421|0.01636333|0.00206417|0.00180745
de493ddea41fba67788d,143,home::page,143,home::page,0.962830662727356,True,home::page|places::library|pronouns::we|home::book|seasons::spring,0.96283066|0.00679884|0.00658967|0.00648750|0.00409162
81a62fb02c4759a1814d,212,places::india,212,places::india,0.9923270344734192,True,places::india|seasons::fall|jobs::job|adjectives::thin|means of transportation::plane,0.99232703|0.00212872|0.00129113|0.00043757|0.00031889
33bb6ec1176e5085a2bf,203,people::son,203,people::son,0.99018794298172,True,people::son|people::baby|people::daughter|people::father|people::husband,0.99018794|0.00566231|0.00265387|0.00028747|0.00018344
02e3d666d6959f451075,173,means of transportation::bus,173,means of transportation::bus,0.9809447526931763,True,means of transportation::bus|clothes::hat|places::park|home::chair|adjectives::hot,0.98094475|0.00372213|0.00240319|0.00117581|0.00086024
3fbadc9578e8c56d307f,205,people::woman,205,people::woman,0.9956784844398499,True,people::woman|people::grandmother|people::mother|people::queen|colours::white,0.99567848|0.00094411|0.00047103|0.00035834|0.00034193
48e1f2c882a50e323259,147,home::pencil,147,home::pencil,0.9817559719085693,True,home::pencil|home::bathroom|jobs::artist|adjectives::fast|home::pen,0.98175597|0.00735082|0.00204125|0.00150512|0.00121413
e6572a30339cfecebd2c,260,society::technology,260,society::technology,0.9836068153381348,True,society::technology|home::book|days and time::month|days and time::wednesday|jobs::lawyer,0.98360682|0.00620168|0.00608173|0.00043035|0.00030044
c8b0c2597d76a7ef7489,249,society::medicine,249,society::medicine,0.9965027570724487,True,society::medicine|clothes::suit|society::death|jobs::manager|society::sport,0.99650276|0.00046231|0.00040009|0.00038326|0.00029501
751f46da73c3a5f38c89,248,society::marriage,248,society::marriage,0.9973446726799011,True,society::marriage|society::bill|people::husband|places::bank|jobs::secretary,0.99734467|0.00126760|0.00039422|0.00011699|0.00009851
471930bdc760e4a4e4b5,80,colours::colour,80,colours::colour,0.9864700436592102,True,colours::colour|adjectives::dead|people::brother|people::grandmother|greetings::pleased,0.98647004|0.00820768|0.00069783|0.00068167|0.00062553
7aef4ade9b9ea79d4015,79,colours::brown,79,colours::brown,0.9936269521713257,True,colours::brown|adjectives::slow|days and time::time|clothes::shoes|jobs::doctor,0.99362695|0.00331427|0.00082499|0.00038067|0.00032181
7b142a55b710ef4107ae,179,means of transportation::truck,179,means of transportation::truck,0.9963341951370239,True,means of transportation::truck|means of transportation::bus|means of transportation::car|animals::cat|adjectives::hot,0.99633420|0.00202357|0.00027601|0.00016417|0.00014488
f244ccf6cc8c38695147,77,colours::black,77,colours::black,0.9677863717079163,True,colours::black|jobs::priest|clothes::hat|colours::grey|jobs::job,0.96778637|0.01843173|0.00292774|0.00213363|0.00186827
f7f20adec9dde80b9bfb,125,greetings::how are you,125,greetings::how are you,0.9985677003860474,True,greetings::how are you|clothes::suit|society::price|adjectives::healthy|adjectives::shallow,0.99856770|0.00014807|0.00014184|0.00011487|0.00009194
0b6497ae6174c4954d32,14,adjectives::dry,14,adjectives::dry,0.8525299429893494,True,adjectives::dry|means of transportation::train ticket|home::paper|adjectives::wet|home::letter,0.85252994|0.03616356|0.02245447|0.01314884|0.01244907
23662cc7578730156337,258,society::sport,258,society::sport,0.9980016350746155,True,society::sport|animals::animal|adjectives::dry|jobs::manager|home::tool,0.99800164|0.00103932|0.00008837|0.00008465|0.00007677
997fc1f031836f2186d6,23,adjectives::healthy,23,adjectives::healthy,0.9982477426528931,True,adjectives::healthy|greetings::how are you|greetings::good morning|animals::animal|adjectives::soft,0.99824774|0.00038846|0.00035370|0.00019230|0.00015272
cd79e514a9e695659465,84,colours::pink,84,colours::pink,0.8975884914398193,True,colours::pink|colours::white|pronouns::you|colours::red|people::woman,0.89758849|0.09684863|0.00111004|0.00101863|0.00071112
8e062318acd39320ae2c,201,people::queen,201,people::queen,0.990273654460907,True,people::queen|people::king|people::woman|society::god|means of transportation::plane,0.99027365|0.00721460|0.00041343|0.00030964|0.00026279
7991b5dca4c7c8dd8264,98,days and time::second,98,days and time::second,0.9829244017601013,True,days and time::second|adjectives::deaf|days and time::evening|adjectives::quiet|places::university,0.98292440|0.00511777|0.00404849|0.00156083|0.00081929
adeec4a1e32be0f7f69a,95,days and time::morning,95,days and time::morning,0.9925699830055237,True,days and time::morning|days and time::night|colours::yellow|colours::grey|greetings::pleased,0.99256998|0.00418517|0.00028369|0.00026965|0.00022267
efb1ca9dbdae7f09db12,110,electronics::cell phone,110,electronics::cell phone,0.957718551158905,True,electronics::cell phone|adjectives::thin|electronics::fan|places::india|clothes::hat,0.95771855|0.01686923|0.00610963|0.00312049|0.00235547
d629ebf4db532e7fae39,247,society::gun,247,society::gun,0.9926978945732117,True,society::gun|society::ball|society::money|days and time::second|animals::mouse,0.99269789|0.00217152|0.00183576|0.00058218|0.00057092
65cee047a934e33e0157,96,days and time::night,96,days and time::night,0.9771062731742859,True,days and time::night|days and time::morning|colours::grey|greetings::good night|adjectives::low,0.97710627|0.01950231|0.00050768|0.00033165|0.00020917
b2e0f25ecbbecc504b81,62,animals::cow,62,animals::cow,0.9981858134269714,True,animals::cow|home::photograph|electronics::camera|electronics::computer|seasons::ex. monsoon,0.99818581|0.00027223|0.00023104|0.00014859|0.00012271
a8925098005ea7d0a4b4,181,people::baby,181,people::baby,0.7312502264976501,True,people::baby|home::gift|people::son|adjectives::sick|days and time::tuesday,0.73125023|0.26484129|0.00125554|0.00040130|0.00028235
6fbbb8c1660709e9176c,119,greetings::alright,119,greetings::alright,0.9832257628440857,True,greetings::alright|society::race (ethnicity)|jobs::soldier|days and time::week|jobs::lawyer,0.98322576|0.00252438|0.00208462|0.00205231|0.00176230
4afa27c476d524047b3b,102,days and time::today,102,days and time::today,0.9912227392196655,True,days and time::today|days and time::hour|places::street or road|electronics::television|pronouns::they,0.99122274|0.00353326|0.00157401|0.00055904|0.00036236
dd6d7bc40c3423726efd,62,animals::cow,62,animals::cow,0.9991726279258728,True,animals::cow|seasons::ex. monsoon|electronics::camera|home::photograph|home::lock,0.99917263|0.00011010|0.00009128|0.00005734|0.00005515
a2df0b3324547e52177c,132,home::book,150,home::soap,0.48347315192222595,False,home::soap|home::book|places::school|days and time::week|greetings::thank you,0.48347315|0.47971070|0.00748594|0.00487120|0.00367697
8819780d8cd0d85122c2,217,places::park,217,places::park,0.9979844093322754,True,places::park|adjectives::hot|means of transportation::bus|society::race (ethnicity)|days and time::morning,0.99798441|0.00061337|0.00036769|0.00006749|0.00006097
1e0b6197e9a78864bf33,151,home::table,151,home::table,0.9942623972892761,True,home::table|adjectives::wide|animals::bird|clothes::skirt|places::store or shop,0.99426240|0.00166108|0.00149481|0.00037354|0.00030133
41a48458ef6ac3096ee2,101,days and time::time,101,days and time::time,0.9952226281166077,True,days and time::time|colours::brown|days and time::hour|animals::mouse|jobs::doctor,0.99522263|0.00080717|0.00057237|0.00055476|0.00047266
9248136dd78e64934c7c,18,adjectives::female,18,adjectives::female,0.9931554198265076,True,adjectives::female|adjectives::deaf|society::war|adjectives::male|people::daughter,0.99315542|0.00276786|0.00051001|0.00034644|0.00026666
4e8d9e93060d5edf5b9b,206,places::bank,206,places::bank,0.9803574681282043,True,places::bank|days and time::wednesday|home::book|greetings::thank you|home::lock,0.98035747|0.00260708|0.00252687|0.00161246|0.00113008
528bc125d033fbe9e5be,223,places::train station,223,places::train station,0.9990208148956299,True,places::train station|jobs::reporter|pronouns::they|means of transportation::transportation|jobs::waiter,0.99902081|0.00024905|0.00013435|0.00007625|0.00006322
b92f2107f4933f9aff9b,20,adjectives::good,20,adjectives::good,0.8674419522285461,True,adjectives::good|colours::blue|adjectives::nice|places::office|greetings::good morning,0.86744195|0.09506978|0.01704507|0.00425946|0.00364331
e2e586b53f4587e5fea7,87,colours::yellow,87,colours::yellow,0.9912219047546387,True,colours::yellow|people::mother|adjectives::ugly|days and time::saturday|days and time::morning,0.99122190|0.00225466|0.00117888|0.00062855|0.00055253
c9eff47ad281b1815255,192,people::grandmother,192,people::grandmother,0.9959535598754883,True,people::grandmother|colours::pink|greetings::pleased|adjectives::blind|home::letter,0.99595356|0.00120316|0.00055300|0.00039831|0.00017131
71a505a8489ebc854b4f,105,days and time::wednesday,105,days and time::wednesday,0.9939146637916565,True,days and time::wednesday|home::paint|places::school|adjectives::deep|people::wife,0.99391466|0.00120070|0.00102301|0.00037488|0.00034942
62d7b63964642d190a4a,240,society::ball,240,society::ball,0.9986427426338196,True,society::ball|society::gun|days and time::morning|days and time::night|animals::mouse,0.99864274|0.00016584|0.00015100|0.00012865|0.00010338
d78417a9d3479af17e5f,61,animals::cat,61,animals::cat,0.9969407916069031,True,animals::cat|seasons::ex. monsoon|adjectives::sick|pronouns::it|home::window,0.99694079|0.00131243|0.00009963|0.00008862|0.00008589
47c5da3ad7558241fe5c,46,adjectives::small little,46,adjectives::small little,0.7335182428359985,True,adjectives::small little|adjectives::hot|greetings::thank you|home::page|places::bank,0.73351824|0.21346597|0.02276436|0.00471608|0.00217611
7ad9bc764d06720e8124,169,jobs::teacher,169,jobs::teacher,0.9989423155784607,True,jobs::teacher|home::soap|adjectives::sick|jobs::police|adjectives::healthy,0.99894232|0.00013174|0.00009197|0.00008674|0.00008473
dc963b226feab2aaaf52,141,home::letter,141,home::letter,0.9893089532852173,True,home::letter|society::race (ethnicity)|people::friend|jobs::author|people::president,0.98930895|0.00145291|0.00078073|0.00064473|0.00048099
2d2bc4f1569de4c305de,244,society::energy,244,society::energy,0.9618412256240845,True,society::energy|greetings::alright|adjectives::cold|society::team|days and time::yesterday,0.96184123|0.03422348|0.00119883|0.00024933|0.00017070
3a58bcd9ce8f9ebf0c72,21,adjectives::happy,21,adjectives::happy,0.7713056206703186,True,adjectives::happy|adjectives::loose|places::court|places::market|clothes::t-shirt,0.77130562|0.08519644|0.06160487|0.01658073|0.01198939
613b8709605ec933361b,104,days and time::tuesday,104,days and time::tuesday,0.9969583749771118,True,days and time::tuesday|people::friend|jobs::teacher|places::school|people::daughter,0.99695837|0.00066512|0.00037310|0.00028495|0.00015984
7a6c12581d9678fa5521,83,colours::orange,83,colours::orange,0.9925169348716736,True,colours::orange|people::queen|places::city|days and time::afternoon|colours::green,0.99251693|0.00183542|0.00061961|0.00057529|0.00049787
107ff91fbe67083640e0,150,home::soap,150,home::soap,0.9973462820053101,True,home::soap|clothes::pocket|animals::mouse|home::photograph|jobs::teacher,0.99734628|0.00051618|0.00035754|0.00021856|0.00013465
3feaeccec256a2f45d85,189,people::friend,189,people::friend,0.9980546236038208,True,people::friend|animals::horse|places::school|places::location|days and time::tuesday,0.99805462|0.00037644|0.00027541|0.00011259|0.00010171
7f0149f1b1169d1a47bc,1,adjectives::bad,1,adjectives::bad,0.9986554384231567,True,adjectives::bad|people::child|places::university|adjectives::good|adjectives::mean,0.99865544|0.00040886|0.00011714|0.00009087|0.00007534
10056712a5b4f6599aa5,223,places::train station,223,places::train station,0.9973766803741455,True,places::train station|places::court|jobs::reporter|pronouns::they|places::library,0.99737668|0.00058264|0.00029183|0.00023912|0.00013000
2e5cd1c53016c0f4bc15,200,people::president,200,people::president,0.9937625527381897,True,people::president|means of transportation::boat|home::ring|society::team|adjectives::slow,0.99376255|0.00273729|0.00146516|0.00026167|0.00012903
f42154bad6e94c534117,165,jobs::reporter,165,jobs::reporter,0.9981076717376709,True,jobs::reporter|jobs::author|electronics::clock|people::player|places::train station,0.99810767|0.00025373|0.00023650|0.00022304|0.00015210
a40cde9e90144c84855f,146,home::pen,146,home::pen,0.8837672472000122,True,home::pen|home::pencil|society::money|adjectives::fast|colours::blue,0.88376725|0.10391453|0.00525507|0.00118639|0.00066032
f0deaed789e222b96c43,244,society::energy,244,society::energy,0.9983281493186951,True,society::energy|adjectives::rich|adjectives::happy|seasons::winter|greetings::alright,0.99832815|0.00018860|0.00017511|0.00013691|0.00013637
36ae0790274b1a3a7974,117,electronics::screen,117,electronics::screen,0.9986118078231812,True,electronics::screen|places::hospital|animals::cow|people::queen|seasons::fall,0.99861181|0.00012915|0.00012865|0.00011577|0.00006806
7bb4d2bb37be37a0fb09,260,society::technology,260,society::technology,0.9956795573234558,True,society::technology|days and time::month|home::book|jobs::lawyer|jobs::reporter,0.99567956|0.00141175|0.00072387|0.00018883|0.00012026
2f801433ff355ee6161c,99,days and time::sunday,99,days and time::sunday,0.9960953593254089,True,days and time::sunday|colours::black|places::india|electronics::cell phone|jobs::job,0.99609536|0.00100936|0.00096690|0.00057962|0.00013344
5e88d41aa1a531f0fed6,109,electronics::camera,109,electronics::camera,0.998381495475769,True,electronics::camera|animals::cow|places::ground|society::god|society::exercise,0.99838150|0.00045068|0.00025982|0.00021206|0.00010539
def34791af2c5d6ff14d,170,jobs::waiter,170,jobs::waiter,0.9957142472267151,True,jobs::waiter|home::bed|pronouns::they|places::university|society::ball,0.99571425|0.00090091|0.00063387|0.00044948|0.00018447
32b5310700d07d8a91f7,133,home::box,133,home::box,0.998336911201477,True,home::box|seasons::winter|home::bag|colours::pink|home::ring,0.99833691|0.00022839|0.00016514|0.00015273|0.00014181
9f56944d3c80a21fdc78,131,home::bedroom,131,home::bedroom,0.971575915813446,True,home::bedroom|places::ground|home::bed|home::window|seasons::spring,0.97157592|0.02470596|0.00071189|0.00046505|0.00027553
7f51fe6522557721cbdd,182,people::boy,182,people::boy,0.9945211410522461,True,people::boy|people::girl|people::son|people::brother|society::exercise,0.99452114|0.00279341|0.00061603|0.00043513|0.00024793
6e384fa1d6a3c0a9feaf,232,pronouns::you (plural),232,pronouns::you (plural),0.9934183359146118,True,pronouns::you (plural)|jobs::patient|home::door|jobs::teacher|greetings::good evening,0.99341834|0.00202555|0.00162757|0.00037469|0.00031799
196b9bdf4497c9c33b8a,39,adjectives::quiet,39,adjectives::quiet,0.9969213008880615,True,adjectives::quiet|society::gun|days and time::second|means of transportation::train|means of transportation::plane,0.99692130|0.00046431|0.00029745|0.00029169|0.00021258
83305f270432d65c9cc6,236,seasons::spring,236,seasons::spring,0.9928818941116333,True,seasons::spring|jobs::student|home::page|animals::bird|adjectives::sick,0.99288189|0.00172486|0.00060548|0.00036155|0.00025538
926ba8b999c844d2e3f8,87,colours::yellow,87,colours::yellow,0.9867109656333923,True,colours::yellow|home::pen|home::telephone|days and time::sunday|people::man,0.98671097|0.00484511|0.00188998|0.00122504|0.00106850
b51e819fe70bb86799bc,60,animals::bird,60,animals::bird,0.9854745864868164,True,animals::bird|adjectives::big large|animals::animal|seasons::spring|adjectives::healthy,0.98547459|0.01069403|0.00109674|0.00072774|0.00052417
7c0a987c104b30566d02,133,home::box,133,home::box,0.9958213567733765,True,home::box|adjectives::cold|society::newspaper|seasons::winter|electronics::camera,0.99582136|0.00061925|0.00039209|0.00029712|0.00026843
49f09f835aecb9c7973b,201,people::queen,201,people::queen,0.9979029893875122,True,people::queen|people::woman|people::king|society::god|colours::white,0.99790299|0.00040696|0.00028858|0.00015875|0.00013316
ac1fd0c963f79e61dcb7,100,days and time::thursday,100,days and time::thursday,0.9903648495674133,True,days and time::thursday|days and time::yesterday|adjectives::male|adjectives::deaf|days and time::tomorrow,0.99036485|0.00417587|0.00220053|0.00041347|0.00030015
f43891056154a388e37b,147,home::pencil,147,home::pencil,0.9807840585708618,True,home::pencil|home::pen|society::money|adjectives::fast|places::university,0.98078406|0.00543598|0.00407136|0.00204721|0.00193070
bc70e023320c644cd591,30,adjectives::loud,30,adjectives::loud,0.9798160791397095,True,adjectives::loud|animals::dog|places::city|people::crowd|society::newspaper,0.97981608|0.01302737|0.00101640|0.00062132|0.00057462
e28a605456401d1a212c,58,adjectives::young,58,adjectives::young,0.9988081455230713,True,adjectives::young|colours::red|adjectives::long|clothes::pocket|adjectives::male,0.99880815|0.00023853|0.00010259|0.00007051|0.00006247
f680f11847f9d021b79a,24,adjectives::heavy,24,adjectives::heavy,0.9682376980781555,True,adjectives::heavy|adjectives::happy|adjectives::light|jobs::reporter|adjectives::rich,0.96823770|0.01109759|0.00617674|0.00165596|0.00123543
0304bd9696245b64dca4,225,pronouns::he,225,pronouns::he,0.9980231523513794,True,pronouns::he|pronouns::she|pronouns::it|people::king|people::boy,0.99802315|0.00049287|0.00027326|0.00014011|0.00008301
be89b8af45ddaf9cebd9,91,days and time::hour,91,days and time::hour,0.9955346584320068,True,days and time::hour|days and time::today|adjectives::weak|animals::fish|people::child,0.99553466|0.00066677|0.00060710|0.00054208|0.00038892
80d7d3ccb00c74b8d1f3,178,means of transportation::transportation,178,means of transportation::transportation,0.9978627562522888,True,means of transportation::transportation|society::election|means of transportation::bicycle|places::train station|people::president,0.99786276|0.00076924|0.00023552|0.00016124|0.00010249
3bd336d76f28671ea5f6,225,pronouns::he,225,pronouns::he,0.9985917210578918,True,pronouns::he|pronouns::she|people::boy|people::king|pronouns::it,0.99859172|0.00031103|0.00015824|0.00013748|0.00006270
c936d00ef1409062e913,41,adjectives::sad,41,adjectives::sad,0.9383039474487305,True,adjectives::sad|greetings::pleased|clothes::t-shirt|adjectives::young|colours::white,0.93830395|0.05768582|0.00040575|0.00021132|0.00016490
3682cb1e955f43dfb947,160,jobs::lawyer,189,people::friend,0.18096765875816345,False,people::friend|days and time::wednesday|society::race (ethnicity)|pronouns::we|seasons::spring,0.18096766|0.09686501|0.08382968|0.07999083|0.06788734
ae561efec089d6d67e13,34,adjectives::narrow,34,adjectives::narrow,0.9809725284576416,True,adjectives::narrow|electronics::radio|places::street or road|days and time::evening|adjectives::fast,0.98097253|0.01133173|0.00388567|0.00078328|0.00031524
26706c07c68d6919d006,70,clothes::pant,70,clothes::pant,0.9894686341285706,True,clothes::pant|places::street or road|places::store or shop|clothes::shoes|days and time::today,0.98946863|0.00125759|0.00072500|0.00069996|0.00063236
204f7549066f2237d3e8,111,electronics::clock,111,electronics::clock,0.9524009823799133,True,electronics::clock|home::tool|society::sport|jobs::reporter|adjectives::clean,0.95240098|0.00511626|0.00420852|0.00389225|0.00252286
56f63da173c2accf0587,240,society::ball,240,society::ball,0.9635795950889587,True,society::ball|days and time::morning|home::pencil|society::gun|society::money,0.96357960|0.01871357|0.00389205|0.00166742|0.00120100
103a03155e2615f0537d,230,pronouns::we,230,pronouns::we,0.9991200566291809,True,pronouns::we|seasons::spring|animals::bird|home::bedroom|adjectives::hard,0.99912006|0.00015832|0.00009908|0.00007220|0.00005080
fcc013232b56d7c7dd87,184,people::child,184,people::child,0.5511883497238159,True,people::child|adjectives::bad|adjectives::good|people::friend|greetings::good evening,0.55118835|0.31652084|0.11553535|0.00294942|0.00273844
82866f7725f414986655,29,adjectives::loose,29,adjectives::loose,0.9944806098937988,True,adjectives::loose|places::store or shop|society::war|adjectives::weak|adjectives::happy,0.99448061|0.00209208|0.00096157|0.00021624|0.00019536
2b46691089fe71a50935,38,adjectives::poor,38,adjectives::poor,0.9991826415061951,True,adjectives::poor|days and time::year|seasons::winter|adjectives::dead|society::technology,0.99918264|0.00005387|0.00004388|0.00003731|0.00003499
fd1231a2304cc591abc9,210,places::hospital,210,places::hospital,0.9991004467010498,True,places::hospital|places::house|adjectives::clean|society::religion|home::bed,0.99910045|0.00012821|0.00006809|0.00006273|0.00005221
037026da4858ce5b9f63,115,electronics::laptop,115,electronics::laptop,0.998767614364624,True,electronics::laptop|society::race (ethnicity)|society::marriage|adjectives::sick|adjectives::old,0.99876761|0.00013070|0.00012326|0.00008211|0.00005406
2a97f3903cf5bfce0904,233,seasons::ex. monsoon,233,seasons::ex. monsoon,0.9981048107147217,True,seasons::ex. monsoon|animals::cow|society::exercise|adjectives::high|adjectives::rich,0.99810481|0.00046668|0.00019153|0.00016575|0.00011347
a8e40d9d1ac28aff0875,236,seasons::spring,236,seasons::spring,0.9985371828079224,True,seasons::spring|jobs::student|home::page|places::ground|pronouns::we,0.99853718|0.00020159|0.00016453|0.00011352|0.00009635
57c29fc89a21d3808e71,163,jobs::police,163,jobs::police,0.9981448650360107,True,jobs::police|electronics::clock|means of transportation::train|people::son|colours::orange,0.99814487|0.00038390|0.00029665|0.00010332|0.00009859
57a87473941cffbdf69a,23,adjectives::healthy,23,adjectives::healthy,0.9738366007804871,True,adjectives::healthy|adjectives::soft|greetings::how are you|places::house|places::city,0.97383660|0.01165182|0.00308742|0.00253965|0.00248082
a9fb3756b4dc279c16a3,255,society::religion,255,society::religion,0.9882920384407043,True,society::religion|society::medicine|seasons::season|seasons::spring|society::newspaper,0.98829204|0.00731355|0.00087690|0.00048427|0.00043921
9d9fdc5266a3896acfa5,177,means of transportation::train ticket,177,means of transportation::train ticket,0.9990987777709961,True,means of transportation::train ticket|means of transportation::train|electronics::clock|people::grandfather|society::bill,0.99909878|0.00007305|0.00007277|0.00006273|0.00005802
0fc3570875b657457297,151,home::table,151,home::table,0.9973596930503845,True,home::table|adjectives::wide|animals::bird|society::science|society::exercise,0.99735969|0.00087806|0.00027629|0.00016563|0.00016116
cd9cf23a5addebe62636,152,home::telephone,152,home::telephone,0.9974983334541321,True,home::telephone|seasons::summer|clothes::suit|home::lock|colours::yellow,0.99749833|0.00016630|0.00016308|0.00016118|0.00013787
81deea032eb0bb93e707,135,home::chair,135,home::chair,0.9951512813568115,True,home::chair|society::energy|adjectives::fast|adjectives::cold|greetings::alright,0.99515128|0.00137294|0.00038125|0.00031239|0.00017661
f0b79bf6345111217f8e,213,places::library,213,places::library,0.9983124732971191,True,places::library|home::page|home::dream|society::peace|adjectives::flat,0.99831247|0.00042335|0.00010334|0.00009708|0.00009263
17160f90d57a86170dae,177,means of transportation::train ticket,177,means of transportation::train ticket,0.9861000180244446,True,means of transportation::train ticket|people::grandfather|jobs::soldier|places::park|animals::horse,0.98610002|0.00440880|0.00201849|0.00126314|0.00123871
e4bf6a8160ac5e8361f7,227,pronouns::it,227,pronouns::it,0.9957993626594543,True,pronouns::it|society::ball|jobs::waiter|days and time::tomorrow|places::office,0.99579936|0.00100120|0.00062899|0.00049757|0.00015057
0980b08976a6339966f5,250,society::money,250,society::money,0.9218289852142334,True,society::money|home::key|home::pen|colours::brown|places::store or shop,0.92182899|0.02534572|0.00829309|0.00495203|0.00328590
d9c51b6dc2c72d3201a9,242,society::death,242,society::death,0.9834649562835693,True,society::death|adjectives::dirty|people::boy|jobs::actor|days and time::wednesday,0.98346496|0.00512059|0.00109450|0.00106915|0.00102418
fde507245d5f2613372d,246,society::god,246,society::god,0.9961444139480591,True,society::god|greetings::hello|home::photograph|greetings::good afternoon|days and time::night,0.99614441|0.00045320|0.00033028|0.00027488|0.00024640
67c738641f308594d2c3,68,clothes::dress,67,clothes::clothing,0.5884366631507874,False,clothes::clothing|clothes::dress|places::court|clothes::shirt|home::telephone,0.58843666|0.38290301|0.00485784|0.00404305|0.00253998
49b37c88d4e4236ab40a,6,adjectives::clean,6,adjectives::clean,0.997195839881897,True,adjectives::clean|people::adult|days and time::tuesday|people::brother|people::mother,0.99719584|0.00052015|0.00017355|0.00016887|0.00015137
3ab7e6f3c57eb3192a9e,7,adjectives::cold,26,adjectives::hot,0.8600819706916809,False,adjectives::hot|adjectives::cold|society::energy|means of transportation::bus|places::court,0.86008197|0.08449692|0.02430353|0.00643979|0.00260191
09dc18e23dea6e71f14e,241,society::bill,241,society::bill,0.9624735116958618,True,society::bill|days and time::wednesday|adjectives::clean|greetings::thank you|society::marriage,0.96247351|0.01410953|0.00954698|0.00237643|0.00177293
40adb0c2204ebff7bb61,89,days and time::evening,89,days and time::evening,0.9922722578048706,True,days and time::evening|greetings::good evening|adjectives::narrow|pronouns::you (plural)|home::bed,0.99227226|0.00308503|0.00049775|0.00048055|0.00044444
fcadf4f655dae09da2bd,253,society::price,253,society::price,0.9990082383155823,True,society::price|home::ring|greetings::how are you|people::wife|people::daughter,0.99900824|0.00015165|0.00011138|0.00003305|0.00003148
cde5ce382403a877057f,52,adjectives::tight,52,adjectives::tight,0.9949706196784973,True,adjectives::tight|society::energy|society::war|adjectives::big large|adjectives::short,0.99497062|0.00074924|0.00054177|0.00053546|0.00029687
3b8c265bcd84d5683c5a,80,colours::colour,80,colours::colour,0.9977566599845886,True,colours::colour|people::baby|home::paint|people::girl|means of transportation::plane,0.99775666|0.00094978|0.00013524|0.00011981|0.00008267
7ba6e09f29053020f2b1,74,clothes::skirt,74,clothes::skirt,0.6527637839317322,True,clothes::skirt|places::street or road|clothes::pant|adjectives::narrow|adjectives::long,0.65276378|0.24776119|0.03555423|0.01933050|0.01233530
74ed06ffd7816b1b66b7,174,means of transportation::car,174,means of transportation::car,0.9969122409820557,True,means of transportation::car|means of transportation::bus|home::letter|places::library|home::dream,0.99691224|0.00072477|0.00059154|0.00025944|0.00024852
a4ebeea6069524b0837f,79,colours::brown,79,colours::brown,0.9835376143455505,True,colours::brown|clothes::shoes|days and time::hour|adjectives::slow|people::family,0.98353761|0.00627434|0.00262577|0.00246668|0.00131517
6d94f39ce321b112218f,112,electronics::computer,112,electronics::computer,0.9983735084533691,True,electronics::computer|home::window|society::attack|adjectives::loud|places::temple,0.99837351|0.00052690|0.00012762|0.00009300|0.00007771
b5e554a8c421b7fb772f,66,animals::mouse,66,animals::mouse,0.9700006246566772,True,animals::mouse|days and time::second|society::gun|pronouns::i|pronouns::it,0.97000062|0.01133707|0.00782234|0.00125716|0.00118100
8f56ecc840399653110b,145,home::paper,145,home::paper,0.9947287440299988,True,home::paper|home::letter|jobs::actor|days and time::wednesday|society::war,0.99472874|0.00254396|0.00040251|0.00026090|0.00023296
eb5352f740911b891092,100,days and time::thursday,100,days and time::thursday,0.9696915745735168,True,days and time::thursday|days and time::yesterday|adjectives::male|days and time::tomorrow|adjectives::famous,0.96969157|0.01755360|0.00194652|0.00172452|0.00155190
108b195f2d3c4d1da8dd,118,electronics::television,118,electronics::television,0.9664309620857239,True,electronics::television|jobs::author|places::city|electronics::clock|home::bedroom,0.96643096|0.01107688|0.00302825|0.00245235|0.00158336
a0a7bd88ee585aa0f980,17,adjectives::fast,17,adjectives::fast,0.9829079508781433,True,adjectives::fast|days and time::thursday|home::pencil|society::money|adjectives::expensive,0.98290795|0.00579910|0.00282626|0.00153062|0.00115989
1230f918f65496d8396f,85,colours::red,85,colours::red,0.9974420070648193,True,colours::red|adjectives::young|colours::pink|adjectives::long|colours::colour,0.99744201|0.00067066|0.00049645|0.00011474|0.00011429
5e93c61bf014245dfec6,14,adjectives::dry,14,adjectives::dry,0.9945403933525085,True,adjectives::dry|people::husband|means of transportation::car|places::library|jobs::reporter,0.99454039|0.00219261|0.00075479|0.00030377|0.00021795
801cbbbc20b318ace256,176,means of transportation::train,176,means of transportation::train,0.9960924983024597,True,means of transportation::train|society::gun|colours::green|society::ball|animals::mouse,0.99609250|0.00139588|0.00075597|0.00035156|0.00031268
61274a3e7a221d4da2de,25,adjectives::high,25,adjectives::high,0.9976415634155273,True,adjectives::high|animals::cow|home::paint|people::player|seasons::ex. monsoon,0.99764156|0.00049268|0.00035626|0.00015933|0.00014282
570577a22810ca563c82,20,adjectives::good,20,adjectives::good,0.9880775213241577,True,adjectives::good|colours::blue|greetings::good morning|colours::yellow|adjectives::beautiful,0.98807752|0.00389855|0.00225631|0.00190744|0.00088014
68359ab15a33fe55a427,21,adjectives::happy,21,adjectives::happy,0.9919776916503906,True,adjectives::happy|adjectives::heavy|adjectives::light|society::war|greetings::thank you,0.99197769|0.00459377|0.00052969|0.00047481|0.00047112
6aecb22d1adadd4e96e8,173,means of transportation::bus,173,means of transportation::bus,0.9973490238189697,True,means of transportation::bus|animals::cat|means of transportation::truck|clothes::t-shirt|means of transportation::car,0.99734902|0.00058262|0.00034251|0.00032682|0.00029991
3e7ec0e1c3ba701df676,206,places::bank,206,places::bank,0.9905515909194946,True,places::bank|home::gift|jobs::doctor|adjectives::slow|places::city,0.99055159|0.00557657|0.00044194|0.00034824|0.00011044
2ebee8dbff3fa3379ff3,45,adjectives::slow,45,adjectives::slow,0.9772719144821167,True,adjectives::slow|jobs::soldier|colours::brown|animals::fish|pronouns::i,0.97727191|0.00425147|0.00363648|0.00247019|0.00201611
58b66772b456ad228494,76,clothes::t-shirt,76,clothes::t-shirt,0.9973873496055603,True,clothes::t-shirt|animals::cat|jobs::secretary|jobs::author|adjectives::clean,0.99738735|0.00087125|0.00018050|0.00010736|0.00008935
f8628a1b6e1db562df2f,149,home::ring,134,home::card,0.9531213641166687,False,home::card|jobs::reporter|home::bedroom|people::queen|jobs::author,0.95312136|0.00727717|0.00381985|0.00222810|0.00169505
c4c6f5cfd9f08de45625,35,adjectives::new,35,adjectives::new,0.9761652946472168,True,adjectives::new|days and time::tomorrow|society::sign|pronouns::she|adjectives::fast,0.97616529|0.00388176|0.00280687|0.00244819|0.00232698
f5584be69b5d6f9ebba4,43,adjectives::short,43,adjectives::short,0.9967566132545471,True,adjectives::short|society::team|home::tool|days and time::week|society::sport,0.99675661|0.00080212|0.00048084|0.00031782|0.00028825
fc560342546126e6f5cb,60,animals::bird,60,animals::bird,0.9853792190551758,True,animals::bird|adjectives::wide|adjectives::big large|home::table|animals::animal,0.98537922|0.01004514|0.00299263|0.00035325|0.00013149
42944c82ded468541a0d,127,greetings::thank you,127,greetings::thank you,0.9966263771057129,True,greetings::thank you|adjectives::hot|animals::cat|adjectives::heavy|adjectives::happy,0.99662638|0.00126175|0.00061975|0.00039394|0.00009806
0d98268ba8e7f2a09ef1,172,means of transportation::boat,172,means of transportation::boat,0.9979568719863892,True,means of transportation::boat|days and time::month|people::president|animals::horse|colours::brown,0.99795687|0.00039756|0.00032959|0.00030721|0.00015031
dce8b21adda33899a772,143,home::page,143,home::page,0.9939684867858887,True,home::page|pronouns::we|places::library|adjectives::clean|jobs::reporter,0.99396849|0.00159075|0.00080931|0.00062295|0.00045754
e200aab837babc4d6fd1,26,adjectives::hot,26,adjectives::hot,0.995091438293457,True,adjectives::hot|days and time::morning|greetings::thank you|places::park|home::book,0.99509144|0.00096971|0.00093621|0.00058358|0.00029690
7ff566092b3cb4e758ae,207,places::city,207,places::city,0.9952154159545898,True,places::city|greetings::how are you|colours::orange|animals::dog|society::peace,0.99521542|0.00124043|0.00063852|0.00055911|0.00030280
abcc6cfa1e72f7904322,66,animals::mouse,66,animals::mouse,0.9897167086601257,True,animals::mouse|pronouns::i|home::soap|adjectives::alive|adjectives::sad,0.98971671|0.00447713|0.00090250|0.00082819|0.00063252
76baa493373bc3529baf,217,places::park,217,places::park,0.9989222288131714,True,places::park|means of transportation::bus|adjectives::hot|home::page|days and time::morning,0.99892223|0.00020246|0.00018871|0.00003560|0.00003491
6b2b6b99bae9b39f62fa,59,animals::animal,59,animals::animal,0.9969949722290039,True,animals::animal|animals::bird|pronouns::we|means of transportation::bus|jobs::manager,0.99699497|0.00165915|0.00014783|0.00013513|0.00011203
da875f2847b90fdac39c,121,greetings::good evening,121,greetings::good evening,0.9958996176719666,True,greetings::good evening|days and time::evening|people::child|adjectives::good|adjectives::bad,0.99589962|0.00190758|0.00038906|0.00019185|0.00018164
4f10b4d3f11d10359d10,197,people::neighbour,197,people::neighbour,0.950227677822113,True,people::neighbour|adjectives::flat|society::peace|home::table|places::house,0.95022768|0.01987602|0.00642764|0.00383812|0.00262762
c1621414da61611286d2,237,seasons::summer,237,seasons::summer,0.988447368144989,True,seasons::summer|jobs::job|adjectives::curved|people::girl|clothes::clothing,0.98844737|0.00329699|0.00093360|0.00058195|0.00048624
a4b1e370929c329ee2a5,72,clothes::shirt,72,clothes::shirt,0.9970294237136841,True,clothes::shirt|clothes::shoes|greetings::alright|jobs::lawyer|places::court,0.99702942|0.00133321|0.00049819|0.00013047|0.00007038
ccbf19247c5f83758857,210,places::hospital,210,places::hospital,0.9974387884140015,True,places::hospital|society::religion|places::house|adjectives::flat|jobs::author,0.99743879|0.00054311|0.00041969|0.00015930|0.00013625
6d4571362601d22f383b,40,adjectives::rich,40,adjectives::rich,0.9980555772781372,True,adjectives::rich|society::energy|seasons::ex. monsoon|adjectives::heavy|society::exercise,0.99805558|0.00034008|0.00019302|0.00013741|0.00008803
42ab522769bc5f5f4df1,1,adjectives::bad,1,adjectives::bad,0.9947060942649841,True,adjectives::bad|people::child|adjectives::good|adjectives::dirty|people::brother,0.99470609|0.00135105|0.00043691|0.00040250|0.00027990
f335a7169c1aab864d80,239,society::attack,239,society::attack,0.9960820078849792,True,society::attack|electronics::fan|people::adult|colours::black|adjectives::tall,0.99608201|0.00040306|0.00032009|0.00030425|0.00027486
3e52b7e280fb4e09c6e8,205,people::woman,191,people::grandfather,0.24659675359725952,False,people::grandfather|people::woman|means of transportation::train ticket|home::paper|society::medicine,0.24659675|0.22628990|0.12693714|0.07065115|0.04615352
9627f7550e4943a9c1b8,94,days and time::month,94,days and time::month,0.9952580332756042,True,days and time::month|jobs::soldier|society::technology|animals::horse|days and time::year,0.99525803|0.00243826|0.00066919|0.00020250|0.00011449
5834ca8fba5f4a21d8dc,226,pronouns::i,226,pronouns::i,0.9679222106933594,True,pronouns::i|pronouns::you|home::photograph|home::lock|home::soap,0.96792221|0.02189130|0.00089653|0.00077588|0.00072038
1b69b7aeb91b2f0d21e2,91,days and time::hour,91,days and time::hour,0.9979313611984253,True,days and time::hour|days and time::today|adjectives::weak|animals::fish|adjectives::long,0.99793136|0.00042818|0.00030961|0.00025970|0.00024112
c767ae7aff69cea036c2,257,society::sign,135,home::chair,0.5425426959991455,False,home::chair|society::sign|people::child|home::key|places::university,0.54254270|0.09427977|0.08484262|0.03663318|0.02669692
c45818eb99481ac92dae,203,people::son,203,people::son,0.9935332536697388,True,people::son|people::boy|people::daughter|people::baby|jobs::police,0.99353325|0.00297061|0.00167943|0.00033070|0.00013572
007751dd57593bea8855,2,adjectives::beautiful,2,adjectives::beautiful,0.9887571930885315,True,adjectives::beautiful|adjectives::ugly|greetings::good morning|people::girl|greetings::good evening,0.98875719|0.00217986|0.00208818|0.00187916|0.00187916
95a7edac2a8384c57783,123,greetings::good night,123,greetings::good night,0.5755788087844849,True,greetings::good night|greetings::good morning|society::ball|adjectives::good|days and time::thursday,0.57557881|0.41457388|0.00222707|0.00059707|0.00039157
31986291c042bb90296f,238,seasons::winter,238,seasons::winter,0.998306155204773,True,seasons::winter|home::bag|society::energy|adjectives::poor|home::chair,0.99830616|0.00023197|0.00016449|0.00016321|0.00010016
115681fc2dae5e946a3f,123,greetings::good night,123,greetings::good night,0.5789632797241211,True,greetings::good night|greetings::good morning|society::ball|adjectives::good|adjectives::beautiful,0.57896328|0.41376641|0.00176521|0.00084696|0.00049596
d394bc1e33a01538a8ae,171,means of transportation::bicycle,171,means of transportation::bicycle,0.9989156723022461,True,means of transportation::bicycle|society::election|means of transportation::transportation|clothes::shoes|means of transportation::boat,0.99891567|0.00020404|0.00017521|0.00004571|0.00004252
9b9b54396d9bc581144a,8,adjectives::cool,8,adjectives::cool,0.9956725835800171,True,adjectives::cool|pronouns::you (plural)|pronouns::she|adjectives::thick|pronouns::he,0.99567258|0.00127043|0.00079192|0.00024532|0.00022337
bac8d2150315b8371a6a,113,electronics::fan,113,electronics::fan,0.9943325519561768,True,electronics::fan|jobs::artist|adjectives::tall|clothes::hat|jobs::waiter,0.99433255|0.00164827|0.00084846|0.00042166|0.00014402
111fb5490bcf7645b18a,242,society::death,242,society::death,0.9989686012268066,True,society::death|home::table|society::medicine|home::bathroom|people::girl,0.99896860|0.00013915|0.00010381|0.00007419|0.00005159
40166d83683b57b079b2,75,clothes::suit,75,clothes::suit,0.9966238737106323,True,clothes::suit|clothes::shirt|society::medicine|greetings::how are you|animals::bird,0.99662387|0.00045519|0.00023987|0.00020517|0.00017210
563e09f2503c04f1fa03,179,means of transportation::truck,179,means of transportation::truck,0.9921407103538513,True,means of transportation::truck|means of transportation::car|means of transportation::bus|adjectives::soft|jobs::author,0.99214071|0.00194544|0.00153897|0.00115264|0.00084659
d7b30b5bc750b182769a,126,greetings::pleased,126,greetings::pleased,0.9965187311172485,True,greetings::pleased|colours::colour|adjectives::sad|adjectives::dead|greetings::thank you,0.99651873|0.00091942|0.00040166|0.00033429|0.00016679
80535d62f906799b6ea5,225,pronouns::he,225,pronouns::he,0.9956781268119812,True,pronouns::he|pronouns::she|days and time::tomorrow|pronouns::it|animals::cat,0.99567813|0.00086299|0.00066426|0.00043224|0.00021565
3930e8b623938908b7bf,80,colours::colour,80,colours::colour,0.995230495929718,True,colours::colour|adjectives::dead|people::brother|greetings::pleased|home::paint,0.99523050|0.00275206|0.00034989|0.00032997|0.00021725
9e288bd102e020491313,65,animals::horse,65,animals::horse,0.996473491191864,True,animals::horse|jobs::teacher|adjectives::slow|society::gun|jobs::soldier,0.99647349|0.00072163|0.00044632|0.00033822|0.00014433
e22b37e3481a25e5fb19,199,people::player,199,people::player,0.9985892176628113,True,people::player|places::court|people::wife|jobs::reporter|jobs::author,0.99858922|0.00067935|0.00005642|0.00004551|0.00004394
91b5c031a08fa3522c97,73,clothes::shoes,73,clothes::shoes,0.9817389845848083,True,clothes::shoes|society::science|society::election|people::family|means of transportation::transportation,0.98173898|0.01000803|0.00265186|0.00126742|0.00091289
f3381cb003f549a915b2,45,adjectives::slow,45,adjectives::slow,0.8363364934921265,True,adjectives::slow|jobs::doctor|places::bank|home::ring|colours::brown,0.83633649|0.12238306|0.02372504|0.00339132|0.00188755
b7e0c4ae14971076370c,177,means of transportation::train ticket,177,means of transportation::train ticket,0.9988583326339722,True,means of transportation::train ticket|electronics::clock|means of transportation::train|people::grandfather|places::city,0.99885833|0.00012818|0.00011007|0.00010626|0.00008844
2dd8781dbace9a255816,174,means of transportation::car,174,means of transportation::car,0.9941350817680359,True,means of transportation::car|home::letter|adjectives::dry|adjectives::shallow|animals::cat,0.99413508|0.00240713|0.00099175|0.00029778|0.00025973
e40b6c38f8f9aecdee7a,54,adjectives::warm,54,adjectives::warm,0.9862696528434753,True,adjectives::warm|colours::orange|days and time::afternoon|greetings::hello|people::queen,0.98626965|0.00783023|0.00086491|0.00068153|0.00063774
70e097d8f7a1b6b2dadb,204,people::wife,204,people::wife,0.9921894073486328,True,people::wife|people::daughter|society::marriage|people::friend|adjectives::sick,0.99218941|0.00221321|0.00107024|0.00046573|0.00032896
933d9c2201d913a8cc09,235,seasons::season,235,seasons::season,0.9987782835960388,True,seasons::season|society::peace|society::religion|people::player|home::bathroom,0.99877828|0.00016202|0.00011049|0.00009675|0.00008115
1d18c4d0683c7b1a355e,256,society::science,256,society::science,0.9975321292877197,True,society::science|seasons::winter|means of transportation::bicycle|society::exercise|places::city,0.99753213|0.00066811|0.00029880|0.00021521|0.00020778
104417b1727a63a8f18d,9,adjectives::curved,9,adjectives::curved,0.9967784285545349,True,adjectives::curved|jobs::job|clothes::hat|jobs::artist|adjectives::thin,0.99677843|0.00099439|0.00058457|0.00031907|0.00010079
6feb563ea604625f05a7,114,electronics::lamp,114,electronics::lamp,0.9680188894271851,True,electronics::lamp|pronouns::they|days and time::afternoon|jobs::priest|adjectives::tall,0.96801889|0.02682446|0.00335747|0.00018145|0.00014076
7b415abc90458ec25021,101,days and time::time,101,days and time::time,0.9962389469146729,True,days and time::time|home::soap|home::photograph|jobs::patient|animals::mouse,0.99623895|0.00162583|0.00019418|0.00016609|0.00016288
da015112d6d91690c81b,247,society::gun,247,society::gun,0.9616484045982361,True,society::gun|means of transportation::train|adjectives::quiet|animals::mouse|jobs::police,0.96164840|0.02059192|0.00445332|0.00325812|0.00146855
ab8f369e2c03955225e4,176,means of transportation::train,176,means of transportation::train,0.9915448427200317,True,means of transportation::train|society::gun|society::god|adjectives::quiet|jobs::police,0.99154484|0.00281787|0.00170913|0.00048020|0.00029012
52ac9c2ebd804315be32,3,adjectives::big large,3,adjectives::big large,0.9614094495773315,True,adjectives::big large|adjectives::wide|people::crowd|animals::bird|home::dream,0.96140945|0.02243423|0.00871700|0.00316945|0.00028296
c26cff0862f692bdc1e4,9,adjectives::curved,9,adjectives::curved,0.9965136647224426,True,adjectives::curved|jobs::artist|jobs::job|jobs::patient|pronouns::you (plural),0.99651366|0.00074748|0.00054901|0.00017754|0.00012541
d8a2926f9af19a68adc7,28,adjectives::long,28,adjectives::long,0.997789740562439,True,adjectives::long|days and time::today|means of transportation::transportation|clothes::pocket|society::election,0.99778974|0.00043998|0.00025966|0.00017029|0.00014284
0328d05e4e1633280b5b,4,adjectives::blind,4,adjectives::blind,0.989952027797699,True,adjectives::blind|adjectives::deaf|adjectives::hard|people::sister|adjectives::female,0.98995203|0.00265324|0.00197944|0.00084143|0.00067347
6def87056cc1a4e06bf7,47,adjectives::soft,47,adjectives::soft,0.9952911138534546,True,adjectives::soft|adjectives::loud|means of transportation::truck|places::city|jobs::actor,0.99529111|0.00072642|0.00059289|0.00034448|0.00030282
c9b240a313b3c9a638f7,78,colours::blue,87,colours::yellow,0.971021831035614,False,colours::yellow|colours::blue|days and time::morning|home::pen|colours::green,0.97102183|0.01143802|0.00764918|0.00178867|0.00088546
10b9b93b42dbc464bf9b,161,jobs::manager,161,jobs::manager,0.9989000558853149,True,jobs::manager|people::son|clothes::shirt|jobs::secretary|people::father,0.99890006|0.00014754|0.00006598|0.00006031|0.00005535
4a8894941fd9ea1c84f6,71,clothes::pocket,71,clothes::pocket,0.9956142902374268,True,clothes::pocket|means of transportation::plane|adjectives::young|adjectives::alive|jobs::teacher,0.99561429|0.00077655|0.00046370|0.00037405|0.00027366
ddd819cafd92a4eac3b0,107,days and time::year,107,days and time::year,0.9959210157394409,True,days and time::year|days and time::month|home::paint|home::book|greetings::pleased,0.99592102|0.00244943|0.00009876|0.00009205|0.00008664
dc964593c5b82d1104a6,64,animals::fish,64,animals::fish,0.9812383651733398,True,animals::fish|animals::horse|animals::mouse|society::gun|adjectives::weak,0.98123837|0.00279950|0.00232087|0.00170463|0.00134847
bebe34b54020b1cf03f6,106,days and time::week,106,days and time::week,0.9553016424179077,True,days and time::week|adjectives::narrow|society::technology|society::race (ethnicity)|jobs::soldier,0.95530164|0.02229171|0.00548420|0.00463623|0.00196310
b6f4114e67e360fd65fd,30,adjectives::loud,30,adjectives::loud,0.9933918118476868,True,adjectives::loud|society::newspaper|animals::dog|adjectives::soft|society::god,0.99339181|0.00129758|0.00060579|0.00059873|0.00028504
0824b6fe647a63481454,63,animals::dog,63,animals::dog,0.9962267875671387,True,animals::dog|electronics::radio|animals::fish|places::street or road|means of transportation::bicycle,0.99622679|0.00066723|0.00053614|0.00032902|0.00032139
2fbf87e0f127e7487566,27,adjectives::light,27,adjectives::light,0.9519903659820557,True,adjectives::light|adjectives::happy|adjectives::heavy|places::market|adjectives::loose,0.95199037|0.02721770|0.01049336|0.00399842|0.00084799
9d8a066e1028ff9798a5,81,colours::green,81,colours::green,0.9948805570602417,True,colours::green|colours::yellow|colours::blue|places::office|greetings::hello,0.99488056|0.00088967|0.00085558|0.00045440|0.00037378
fc7482d7de0c4d3b6991,98,days and time::second,98,days and time::second,0.9963935017585754,True,days and time::second|days and time::evening|adjectives::short|adjectives::mean|society::gun,0.99639350|0.00061000|0.00046953|0.00041114|0.00032397
c53398ba8c66507d7f8a,224,places::university,224,places::university,0.9966416358947754,True,places::university|days and time::second|people::friend|home::chair|adjectives::mean,0.99664164|0.00052598|0.00044120|0.00038784|0.00024846
c7e79fd243cf3a8da448,8,adjectives::cool,8,adjectives::cool,0.9959344863891602,True,adjectives::cool|pronouns::she|adjectives::short|pronouns::he|pronouns::you (plural),0.99593449|0.00040935|0.00028801|0.00020185|0.00017469
b1dce222440c0dbda030,117,electronics::screen,117,electronics::screen,0.9980308413505554,True,electronics::screen|places::hospital|animals::cow|society::god|people::queen,0.99803084|0.00045584|0.00020707|0.00012958|0.00011127
d62c816df562a056ee2e,126,greetings::pleased,126,greetings::pleased,0.9975994229316711,True,greetings::pleased|people::grandmother|colours::pink|adjectives::expensive|home::pencil,0.99759942|0.00027314|0.00024967|0.00024580|0.00023454
612cd31125f0c66aa750,93,days and time::monday,93,days and time::monday,0.9969152212142944,True,days and time::monday|people::baby|jobs::police|people::daughter|colours::orange,0.99691522|0.00068620|0.00040182|0.00035048|0.00028605
c8ed7cd50efa27189c38,39,adjectives::quiet,39,adjectives::quiet,0.995154857635498,True,adjectives::quiet|days and time::second|society::gun|people::sister|means of transportation::plane,0.99515486|0.00125989|0.00094361|0.00028779|0.00018508
7f24357e31fb91198714,210,places::hospital,210,places::hospital,0.9987002611160278,True,places::hospital|places::house|places::location|electronics::screen|home::bed,0.99870026|0.00012967|0.00012667|0.00008672|0.00007505
8e3215d2a3197c3a19e8,8,adjectives::cool,8,adjectives::cool,0.9970715045928955,True,adjectives::cool|pronouns::she|pronouns::you (plural)|pronouns::he|people::child,0.99707150|0.00073343|0.00028610|0.00020768|0.00017084
243de7dacc3af6dab249,73,clothes::shoes,73,clothes::shoes,0.9963801503181458,True,clothes::shoes|clothes::shirt|society::election|means of transportation::bicycle|greetings::alright,0.99638015|0.00115305|0.00081763|0.00034892|0.00011506
94782d148f7be2ccc1dc,90,days and time::friday,90,days and time::friday,0.9958970546722412,True,days and time::friday|people::man|people::son|people::brother|electronics::cell phone,0.99589705|0.00114800|0.00050942|0.00029831|0.00023506
e42f10b316890701c444,152,home::telephone,152,home::telephone,0.617877185344696,True,home::telephone|home::lock|colours::yellow|seasons::summer|jobs::priest,0.61787719|0.27633178|0.02570286|0.01698855|0.01692232
c0036ec2c54ecf4e6eb9,82,colours::grey,82,colours::grey,0.7578926682472229,True,colours::grey|electronics::fan|home::photograph|days and time::yesterday|days and time::night,0.75789267|0.18428423|0.01566824|0.00924693|0.00279821
9686cc78b63e64b57df7,171,means of transportation::bicycle,171,means of transportation::bicycle,0.9992979764938354,True,means of transportation::bicycle|society::election|places::train station|adjectives::long|people::husband,0.99929798|0.00008088|0.00005367|0.00003660|0.00003306
a1d2b240ed2a8b1bc756,228,pronouns::she,228,pronouns::she,0.9947682619094849,True,pronouns::she|pronouns::he|places::restaurant|days and time::evening|people::woman,0.99476826|0.00305675|0.00049900|0.00023388|0.00020320
da60656b9f0542f85a68,5,adjectives::cheap,5,adjectives::cheap,0.9949007034301758,True,adjectives::cheap|adjectives::warm|greetings::hello|electronics::cell phone|adjectives::hard,0.99490070|0.00104015|0.00100030|0.00025292|0.00023667
e5e35b21cacabe019b0c,149,home::ring,153,home::tool,0.9944360256195068,False,home::tool|home::table|animals::bird|adjectives::short|people::family,0.99443603|0.00134018|0.00096529|0.00062813|0.00020313
0bc04b4af10d2abd6757,203,people::son,203,people::son,0.9791872501373291,True,people::son|people::brother|people::baby|electronics::laptop|people::husband,0.97918725|0.01570392|0.00062335|0.00053946|0.00042509
b8f6d3e4ba9ffceb6caa,102,days and time::today,102,days and time::today,0.8450413346290588,True,days and time::today|home::key|people::child|adjectives::young|clothes::pant,0.84504133|0.11526088|0.00748442|0.00386773|0.00261703
b94583c331e2a6924626,214,places::location,214,places::location,0.998479425907135,True,places::location|home::photograph|jobs::patient|places::hospital|home::bed,0.99847943|0.00023475|0.00016388|0.00014294|0.00011758
d5eec1b01d09f799e7ba,227,pronouns::it,227,pronouns::it,0.9982036352157593,True,pronouns::it|days and time::tomorrow|clothes::skirt|seasons::fall|home::door,0.99820364|0.00048343|0.00016130|0.00014859|0.00013583
5d4f0339a405a6d4e024,69,clothes::hat,69,clothes::hat,0.99861741065979,True,clothes::hat|electronics::fan|electronics::lamp|adjectives::curved|jobs::job,0.99861741|0.00040409|0.00010500|0.00009412|0.00006886
c40cebfd8c5b5e14ee12,3,adjectives::big large,3,adjectives::big large,0.6153899431228638,True,adjectives::big large|adjectives::wide|pronouns::they|animals::bird|people::crowd,0.61538994|0.36746612|0.00551467|0.00195865|0.00106075
e17e53c73733999206ce,198,people::parent,198,people::parent,0.9965920448303223,True,people::parent|people::father|colours::yellow|people::mother|people::grandfather,0.99659204|0.00111345|0.00035588|0.00027393|0.00025633
01fbd86d4b2fe6b133f1,191,people::grandfather,188,people::father,0.4630386233329773,False,people::father|colours::red|people::grandfather|pronouns::you|colours::pink,0.46303862|0.34951991|0.04638747|0.03054071|0.02099030
b2983869415674563a29,23,adjectives::healthy,23,adjectives::healthy,0.8020551204681396,True,adjectives::healthy|adjectives::soft|places::city|society::science|greetings::how are you,0.80205512|0.16681157|0.00662137|0.00509665|0.00415976
bdcf52d5b402b8f7ac19,220,places::store or shop,220,places::store or shop,0.9965040683746338,True,places::store or shop|adjectives::loose|seasons::summer|society::war|electronics::radio,0.99650407|0.00089811|0.00016875|0.00013533|0.00011850
c19cf2d826c9a40e95dd,185,people::crowd,185,people::crowd,0.9945878982543945,True,people::crowd|adjectives::big large|animals::bird|electronics::camera|adjectives::wide,0.99458790|0.00325331|0.00029675|0.00027020|0.00016711
937bf28f9e90309bf4e3,164,jobs::priest,164,jobs::priest,0.9806705713272095,True,jobs::priest|days and time::saturday|society::exercise|people::girl|people::boy,0.98067057|0.00337489|0.00285306|0.00260791|0.00177844
1aef0a9d939aa3305b74,165,jobs::reporter,165,jobs::reporter,0.9888667464256287,True,jobs::reporter|people::player|adjectives::tall|places::train station|pronouns::they,0.98886675|0.00373757|0.00182154|0.00083071|0.00070227
51c400495203e7880b67,17,adjectives::fast,17,adjectives::fast,0.8867523670196533,True,adjectives::fast|places::university|home::key|home::chair|society::money,0.88675237|0.03926675|0.02353902|0.01921199|0.00661360
15549a3cf1bb46176c00,137,home::dream,137,home::dream,0.998075008392334,True,home::dream|means of transportation::car|society::newspaper|home::letter|home::key,0.99807501|0.00022130|0.00021449|0.00020150|0.00011128
76681fb21fb5c4830c0e,156,jobs::artist,156,jobs::artist,0.9451217651367188,True,jobs::artist|days and time::night|jobs::patient|places::university|adjectives::thin,0.94512177|0.02188253|0.00315248|0.00263399|0.00224419
636fd82b924d05f47dec,130,home::bed,130,home::bed,0.9985094666481018,True,home::bed|jobs::waiter|home::bedroom|greetings::good night|adjectives::thin,0.99850947|0.00018141|0.00016198|0.00015157|0.00008502
039b5cc1760525e87580,209,places::ground,209,places::ground,0.9970874190330505,True,places::ground|electronics::camera|home::photograph|days and time::wednesday|society::team,0.99708742|0.00041627|0.00034645|0.00033318|0.00023719
a95e83378e3298451dde,222,places::temple,222,places::temple,0.9928541779518127,True,places::temple|home::window|places::ground|animals::cow|adjectives::high,0.99285418|0.00123266|0.00059375|0.00058227|0.00055996
e20fb7a3b258253806b9,252,society::peace,252,society::peace,0.9983752965927124,True,society::peace|seasons::season|home::paper|society::newspaper|society::medicine,0.99837530|0.00019384|0.00015944|0.00014016|0.00011306
0b91a63cb63cdbe2fbf4,154,home::window,154,home::window,0.9991208910942078,True,home::window|animals::cat|adjectives::big large|places::temple|home::bedroom,0.99912089|0.00019097|0.00014359|0.00005160|0.00003010
a078be5950a606902dc9,50,adjectives::thick,50,adjectives::thick,0.996150016784668,True,adjectives::thick|places::india|adjectives::cool|electronics::cell phone|people::man,0.99615002|0.00072990|0.00042409|0.00033287|0.00025422
96dbf3bd26f6764d6e73,58,adjectives::young,58,adjectives::young,0.9827842712402344,True,adjectives::young|colours::colour|colours::red|people::baby|people::brother,0.98278427|0.01100338|0.00085514|0.00062809|0.00059234
2b168eb9ece57fe4ac69,44,adjectives::sick,44,adjectives::sick,0.9983752965927124,True,adjectives::sick|people::baby|days and time::tuesday|electronics::laptop|adjectives::strong,0.99837530|0.00048163|0.00013745|0.00012912|0.00007710
a37559fb88c2ec9e1101,121,greetings::good evening,122,greetings::good morning,0.3357864320278168,False,greetings::good morning|places::office|greetings::good afternoon|days and time::evening|greetings::good evening,0.33578643|0.32545537|0.11604469|0.07492408|0.02702991
6e52d469da27376b31d4,206,places::bank,206,places::bank,0.9967652559280396,True,places::bank|home::gift|adjectives::clean|society::marriage|people::baby,0.99676526|0.00114452|0.00072750|0.00008757|0.00007698
ae2dbf0d1f043a2742f0,28,adjectives::long,28,adjectives::long,0.9868205189704895,True,adjectives::long|adjectives::weak|days and time::hour|days and time::today|places::street or road,0.98682052|0.00357296|0.00293904|0.00097298|0.00092481
acf5a332a9c0ddea2f2e,86,colours::white,205,people::woman,0.21379239857196808,False,people::woman|colours::white|pronouns::she|adjectives::quiet|adjectives::famous,0.21379240|0.16780756|0.10419409|0.06859959|0.04411855
499be50c01571c5ab8a9,208,places::court,208,places::court,0.9981558918952942,True,places::court|people::player|adjectives::shallow|adjectives::loose|clothes::shirt,0.99815589|0.00076647|0.00029898|0.00014917|0.00008977
3eea9c5225998740d35b,201,people::queen,201,people::queen,0.9974516034126282,True,people::queen|colours::white|people::woman|people::king|society::god,0.99745160|0.00048495|0.00030946|0.00022997|0.00022552
be26cb06f72492e29937,251,society::newspaper,168,jobs::student,0.7883365750312805,False,jobs::student|seasons::spring|society::newspaper|adjectives::loud|home::page,0.78833658|0.13592628|0.04588668|0.00420196|0.00373730
058a6cc2f2cab3fb2dcb,196,people::mother,196,people::mother,0.9947110414505005,True,people::mother|people::woman|people::grandmother|people::girl|people::man,0.99471104|0.00210898|0.00098460|0.00041528|0.00030029
5d46da2853fd14850c5a,187,people::family,187,people::family,0.9842573404312134,True,people::family|colours::brown|clothes::shoes|electronics::television|places::street or road,0.98425734|0.00987815|0.00091166|0.00090811|0.00066438
3cbc0433bd5ff9599845,57,adjectives::wide,57,adjectives::wide,0.9804156422615051,True,adjectives::wide|adjectives::big large|adjectives::happy|adjectives::narrow|places::court,0.98041564|0.01268373|0.00083986|0.00077070|0.00061206
a4499227aebc1350d1db,139,home::key,139,home::key,0.9909222722053528,True,home::key|pronouns::i|days and time::today|clothes::pant|animals::mouse,0.99092227|0.00157969|0.00157969|0.00110280|0.00102793
ac159d15c4a665e551db,71,clothes::pocket,71,clothes::pocket,0.9964796900749207,True,clothes::pocket|means of transportation::plane|adjectives::young|people::sister|adjectives::alive,0.99647969|0.00128645|0.00031280|0.00028260|0.00025431
ba522f6e45bbdada18c0,59,animals::animal,59,animals::animal,0.9893903136253357,True,animals::animal|society::sport|means of transportation::bus|animals::cat|clothes::t-shirt,0.98939031|0.00483933|0.00284490|0.00062984|0.00060335
87e8e3b794ac564e6ccf,181,people::baby,181,people::baby,0.8788039088249207,True,people::baby|people::son|places::location|home::gift|people::child,0.87880391|0.04375307|0.02140700|0.00530785|0.00455781
ab68219966478b622aa5,186,people::daughter,186,people::daughter,0.6637413501739502,True,people::daughter|people::son|people::baby|people::girl|people::father,0.66374135|0.29917169|0.01454984|0.00754836|0.00352405
564321230c8074a3b9e1,222,places::temple,222,places::temple,0.9991850256919861,True,places::temple|places::house|seasons::ex. monsoon|home::photograph|places::hospital,0.99918503|0.00018082|0.00012428|0.00006422|0.00006176
a056951146b4ce0d2e25,54,adjectives::warm,54,adjectives::warm,0.9775903820991516,True,adjectives::warm|adjectives::old|people::child|people::queen|seasons::spring,0.97759038|0.00947230|0.00305127|0.00097525|0.00062721
b49f418c1b0d06cebab4,116,electronics::radio,116,electronics::radio,0.7000565528869629,True,electronics::radio|animals::dog|places::street or road|animals::mouse|places::train station,0.70005655|0.27629623|0.00255456|0.00184718|0.00164935
8861e3238661fe112788,159,jobs::job,159,jobs::job,0.9978634715080261,True,jobs::job|seasons::summer|adjectives::curved|places::india|people::sister,0.99786347|0.00054761|0.00019526|0.00010996|0.00010130
e69472d4e657f8ffcca4,237,seasons::summer,237,seasons::summer,0.9954942464828491,True,seasons::summer|clothes::clothing|colours::red|home::key|seasons::fall,0.99549425|0.00043897|0.00032241|0.00026315|0.00026008
03d3e373d1d6611ea2d7,227,pronouns::it,227,pronouns::it,0.9961938858032227,True,pronouns::it|society::ball|jobs::waiter|days and time::tomorrow|places::office,0.99619389|0.00095947|0.00071302|0.00052166|0.00013555
8d28496e00e9b0a984ac,48,adjectives::strong,48,adjectives::strong,0.9936109185218811,True,adjectives::strong|adjectives::flat|adjectives::deep|people::husband|adjectives::weak,0.99361092|0.00062516|0.00059887|0.00056039|0.00036895
71f1c199ee2d8ad81510,211,places::house,211,places::house,0.9978306889533997,True,places::house|places::hospital|people::neighbour|means of transportation::truck|places::temple,0.99783069|0.00067092|0.00057837|0.00019449|0.00015628
900c1f7e62b638035ecd,226,pronouns::i,231,pronouns::you,0.981525182723999,False,pronouns::you|days and time::minute|adjectives::female|days and time::second|pronouns::i,0.98152518|0.01156174|0.00174556|0.00060798|0.00027297
f262aae729a73efd329c,153,home::tool,153,home::tool,0.9974846839904785,True,home::tool|animals::bird|home::table|society::sport|society::medicine,0.99748468|0.00043643|0.00032055|0.00023914|0.00017771
8f364a0bb9e87c3c77fa,104,days and time::tuesday,104,days and time::tuesday,0.9970383644104004,True,days and time::tuesday|people::adult|people::friend|jobs::teacher|adjectives::sick,0.99703836|0.00111395|0.00024566|0.00023810|0.00017903
b62fbc097e6deb2d566f,127,greetings::thank you,127,greetings::thank you,0.99860018491745,True,greetings::thank you|jobs::student|people::neighbour|adjectives::heavy|adjectives::hot,0.99860018|0.00022490|0.00021629|0.00016910|0.00009449
38fa14d2cb822d397806,218,places::restaurant,218,places::restaurant,0.9979338645935059,True,places::restaurant|pronouns::she|pronouns::he|home::pencil|days and time::minute,0.99793386|0.00075441|0.00020464|0.00017710|0.00007558
692038f763bfb396d484,30,adjectives::loud,30,adjectives::loud,0.985191285610199,True,adjectives::loud|society::newspaper|animals::dog|adjectives::shallow|society::god,0.98519129|0.00606778|0.00099831|0.00077445|0.00050198
ebf1b4b018282ed9c5a8,183,people::brother,183,people::brother,0.9980556964874268,True,people::brother|people::sister|adjectives::bad|people::boy|people::son,0.99805570|0.00030366|0.00013957|0.00012511|0.00011845
9d9847aed71eb94d0a06,252,society::peace,252,society::peace,0.9975844621658325,True,society::peace|greetings::how are you|adjectives::shallow|society::newspaper|people::grandfather,0.99758446|0.00042304|0.00018337|0.00017498|0.00016246
895600ed35cdb6983598,138,home::gift,138,home::gift,0.9787306189537048,True,home::gift|places::bank|people::baby|adjectives::small little|society::marriage,0.97873062|0.01923187|0.00065808|0.00013580|0.00010331
4da411cde1195779bca9,190,people::girl,190,people::girl,0.9485411643981934,True,people::girl|people::boy|adjectives::beautiful|people::daughter|adjectives::female,0.94854116|0.03976751|0.00316388|0.00156624|0.00115487
0b095156a895c6fd566f,213,places::library,213,places::library,0.9865695834159851,True,places::library|adjectives::dry|home::letter|home::dream|means of transportation::car,0.98656958|0.00392313|0.00237950|0.00138254|0.00080643
6d9ae339213791a565fd,61,animals::cat,61,animals::cat,0.9969748258590698,True,animals::cat|seasons::ex. monsoon|means of transportation::bus|home::window|days and time::tomorrow,0.99697483|0.00093068|0.00018908|0.00014217|0.00012894
47c8b5ee4afa96962a74,192,people::grandmother,192,people::grandmother,0.9978116154670715,True,people::grandmother|greetings::pleased|adjectives::blind|people::grandfather|colours::pink,0.99781162|0.00024110|0.00023643|0.00021111|0.00018777
5eae988d7239f6122bce,113,electronics::fan,113,electronics::fan,0.9922716617584229,True,electronics::fan|clothes::hat|jobs::artist|adjectives::tall|places::india,0.99227166|0.00121284|0.00092992|0.00090838|0.00035434
8312fe47d8ff2e84354c,195,people::man,195,people::man,0.9365928769111633,True,people::man|adjectives::male|adjectives::thick|adjectives::quiet|home::window,0.93659288|0.05201976|0.00360981|0.00080546|0.00064720
5955253b51ff676fdc17,202,people::sister,202,people::sister,0.9942024350166321,True,people::sister|people::brother|adjectives::blind|jobs::job|pronouns::you (plural),0.99420244|0.00446242|0.00018062|0.00012511|0.00008466
e66c36ac18a99c77f0ec,82,colours::grey,82,colours::grey,0.9930729269981384,True,colours::grey|days and time::night|clothes::hat|adjectives::curved|jobs::artist,0.99307293|0.00177301|0.00110952|0.00027944|0.00018908
c810b2b0d25b796e7e82,10,adjectives::dead,10,adjectives::dead,0.986122727394104,True,adjectives::dead|colours::colour|clothes::clothing|clothes::dress|greetings::pleased,0.98612273|0.01021103|0.00034533|0.00031566|0.00021610
f2ebba448fd655ca108f,24,adjectives::heavy,24,adjectives::heavy,0.9919518232345581,True,adjectives::heavy|adjectives::happy|adjectives::rich|adjectives::light|jobs::secretary,0.99195182|0.00230983|0.00150892|0.00068814|0.00044778
b6395b2d2300e1a62d33,213,places::library,213,places::library,0.990853488445282,True,places::library|places::train station|home::page|adjectives::dry|adjectives::clean,0.99085349|0.00240858|0.00091419|0.00067937|0.00047613
4453960a5f1a25eb9ebb,56,adjectives::wet,56,adjectives::wet,0.3770304024219513,True,adjectives::wet|electronics::cell phone|colours::grey|society::newspaper|adjectives::ugly,0.37703040|0.23137610|0.21906249|0.01914147|0.01812278
d1e52e4a02f1666f9e9c,127,greetings::thank you,127,greetings::thank you,0.9980342984199524,True,greetings::thank you|adjectives::heavy|adjectives::hot|animals::cat|clothes::t-shirt,0.99803430|0.00040071|0.00031452|0.00024209|0.00008334
094b86817080ce06b9de,250,society::money,250,society::money,0.9836627244949341,True,society::money|adjectives::fast|pronouns::it|animals::mouse|home::key,0.98366272|0.00471826|0.00236324|0.00170884|0.00131021
0066b7e8b1bf1a15be78,67,clothes::clothing,68,clothes::dress,0.9816701412200928,False,clothes::dress|clothes::clothing|places::court|adjectives::low|jobs::lawyer,0.98167014|0.01357195|0.00048860|0.00037609|0.00031670
69931a83cc2475937d70,74,clothes::skirt,74,clothes::skirt,0.9815974235534668,True,clothes::skirt|clothes::pant|pronouns::it|animals::mouse|home::table,0.98159742|0.01715529|0.00034375|0.00005089|0.00003879
6490a5946019a131456f,114,electronics::lamp,114,electronics::lamp,0.8857849836349487,True,electronics::lamp|pronouns::they|days and time::afternoon|jobs::priest|adjectives::tall,0.88578498|0.09191363|0.01838388|0.00053807|0.00021445
9e5eaef541db3d68e5d0,103,days and time::tomorrow,103,days and time::tomorrow,0.9617664813995361,True,days and time::tomorrow|home::key|seasons::fall|clothes::skirt|pronouns::it,0.96176648|0.02814928|0.00235621|0.00198412|0.00092994
2f0703e2c2db33432c58,83,colours::orange,83,colours::orange,0.9692127704620361,True,colours::orange|colours::blue|days and time::afternoon|greetings::good afternoon|adjectives::warm,0.96921277|0.02426377|0.00231945|0.00089074|0.00046031
7e2805f2d53e6049589d,228,pronouns::she,228,pronouns::she,0.9932916164398193,True,pronouns::she|pronouns::he|people::girl|pronouns::you (plural)|people::woman,0.99329162|0.00126739|0.00079622|0.00072214|0.00060810
89eedc4040e42d6c16c3,4,adjectives::blind,4,adjectives::blind,0.995888888835907,True,adjectives::blind|colours::pink|adjectives::deaf|days and time::minute|people::grandmother,0.99588889|0.00065155|0.00038453|0.00036980|0.00031262
1a0aa0f304240209e07a,187,people::family,187,people::family,0.996711254119873,True,people::family|electronics::television|clothes::shoes|colours::brown|places::street or road,0.99671125|0.00059839|0.00050785|0.00040174|0.00028711
7fc6cb413a6fe3330987,65,animals::horse,65,animals::horse,0.9938513040542603,True,animals::horse|people::friend|days and time::month|animals::mouse|places::park,0.99385130|0.00521525|0.00007796|0.00006024|0.00005014
fa100062c2324c66d921,221,places::street or road,221,places::street or road,0.9799195528030396,True,places::street or road|society::election|clothes::shoes|days and time::today|adjectives::long,0.97991955|0.00861147|0.00321787|0.00216883|0.00099685
c86cadbe1ad2fe1ca69d,120,greetings::good afternoon,120,greetings::good afternoon,0.9932035207748413,True,greetings::good afternoon|greetings::hello|adjectives::warm|society::god|greetings::good night,0.99320352|0.00206505|0.00125742|0.00073632|0.00072490
63ddbc32ec4355d4971b,3,adjectives::big large,3,adjectives::big large,0.9534293413162231,True,adjectives::big large|adjectives::loud|seasons::spring|people::crowd|adjectives::small little,0.95342934|0.03500104|0.00686524|0.00119300|0.00044754
207ad02a5a607fa71887,160,jobs::lawyer,160,jobs::lawyer,0.9885702729225159,True,jobs::lawyer|greetings::alright|places::court|clothes::t-shirt|clothes::shoes,0.98857027|0.00310975|0.00265991|0.00194603|0.00055973
451fc94ce1b669624cc3,103,days and time::tomorrow,103,days and time::tomorrow,0.995339035987854,True,days and time::tomorrow|society::sign|pronouns::he|colours::red|days and time::today,0.99533904|0.00252571|0.00043890|0.00010672|0.00010303
c4be322dfb9ae60744b4,140,home::kitchen,140,home::kitchen,0.9960806965827942,True,home::kitchen|home::bathroom|society::death|home::card|home::bedroom,0.99608070|0.00253748|0.00019415|0.00015846|0.00010433
3463aed17f592cddf1e7,243,society::election,243,society::election,0.9950483441352844,True,society::election|clothes::shoes|means of transportation::transportation|places::court|places::street or road,0.99504834|0.00247613|0.00075518|0.00030156|0.00014469
794a14624552c4d4b5c9,232,pronouns::you (plural),232,pronouns::you (plural),0.9872188568115234,True,pronouns::you (plural)|home::door|greetings::good evening|jobs::patient|animals::fish,0.98721886|0.01030255|0.00032099|0.00020087|0.00019930
e2ca5e09abc94148eb34,191,people::grandfather,191,people::grandfather,0.9957115650177002,True,people::grandfather|adjectives::hard|adjectives::old|electronics::laptop|means of transportation::train ticket,0.99571157|0.00061436|0.00038747|0.00036400|0.00028907
aa87f4285bd858827441,67,clothes::clothing,67,clothes::clothing,0.9472415447235107,True,clothes::clothing|clothes::dress|people::child|adjectives::bad|clothes::shirt,0.94724154|0.04361622|0.00382606|0.00066487|0.00057092
2b2f7f8c9bfca83b49f4,0,adjectives::alive,0,adjectives::alive,0.9162589311599731,True,adjectives::alive|home::soap|animals::mouse|clothes::pocket|pronouns::i,0.91625893|0.03932504|0.01800431|0.01291747|0.00242712
44f751d6cf64a33306dd,164,jobs::priest,164,jobs::priest,0.9888765215873718,True,jobs::priest|electronics::lamp|society::exercise|colours::black|people::boy,0.98887652|0.00358040|0.00187206|0.00187206|0.00036863
1427ad905b95e1619a8c,183,people::brother,183,people::brother,0.9812303781509399,True,people::brother|people::son|people::sister|society::sport|jobs::police,0.98123038|0.00865674|0.00218023|0.00057097|0.00055775
94ae24614e65696f3dbb,99,days and time::sunday,99,days and time::sunday,0.9973012804985046,True,days and time::sunday|places::india|colours::black|clothes::hat|jobs::job,0.99730128|0.00058033|0.00054730|0.00027413|0.00021855
1ceff9e2d074b6f455cd,207,places::city,207,places::city,0.9389345049858093,True,places::city|animals::dog|adjectives::loud|means of transportation::bicycle|colours::orange,0.93893450|0.04602205|0.00293062|0.00183394|0.00105726
73a0774012462e7270b1,124,greetings::hello,124,greetings::hello,0.8891660571098328,True,greetings::hello|days and time::afternoon|greetings::good afternoon|adjectives::warm|electronics::camera,0.88916606|0.06542530|0.01084858|0.01043298|0.00569451
d1fe40bf74b04b333fc5,105,days and time::wednesday,105,days and time::wednesday,0.9969846606254578,True,days and time::wednesday|society::bill|animals::cat|places::school|greetings::thank you,0.99698466|0.00087430|0.00027511|0.00022630|0.00013619
811cdee2f8e0938fb80c,109,electronics::camera,109,electronics::camera,0.9962965846061707,True,electronics::camera|animals::cow|places::ground|people::crowd|society::exercise,0.99629658|0.00208773|0.00025928|0.00025526|0.00023700
b62516e8096fc95c21de,122,greetings::good morning,122,greetings::good morning,0.9964408278465271,True,greetings::good morning|greetings::good night|adjectives::beautiful|adjectives::healthy|adjectives::good,0.99644083|0.00163891|0.00031157|0.00018032|0.00016101
0458194f9700fb07e40d,249,society::medicine,249,society::medicine,0.9991293549537659,True,society::medicine|places::park|society::sport|society::death|jobs::manager,0.99912935|0.00009344|0.00008812|0.00007868|0.00006176
4052bba1cebb00e43738,45,adjectives::slow,45,adjectives::slow,0.9948011636734009,True,adjectives::slow|animals::fish|adjectives::long|colours::brown|jobs::doctor,0.99480116|0.00283819|0.00056990|0.00040097|0.00013966
a3a187df63218db08f35,46,adjectives::small little,46,adjectives::small little,0.9979538917541504,True,adjectives::small little|adjectives::big large|seasons::spring|greetings::good morning|jobs::student,0.99795389|0.00036625|0.00026277|0.00024493|0.00018633
6e430b887bc174e2becd,158,jobs::doctor,158,jobs::doctor,0.9967293739318848,True,jobs::doctor|home::ring|people::friend|people::baby|adjectives::slow,0.99672937|0.00027828|0.00025141|0.00024367|0.00020122
9e8c2bfa3dabf87a42e6,190,people::girl,190,people::girl,0.9889335632324219,True,people::girl|people::boy|people::daughter|adjectives::beautiful|adjectives::female,0.98893356|0.00581191|0.00094877|0.00077739|0.00049802
db032fdb52a5758b0d14,63,animals::dog,63,animals::dog,0.9962853193283081,True,animals::dog|means of transportation::boat|animals::mouse|people::crowd|days and time::week,0.99628532|0.00083043|0.00046401|0.00039380|0.00029037
4dda25fcb8c397865c9b,188,people::father,188,people::father,0.9968543648719788,True,people::father|clothes::shirt|colours::brown|clothes::shoes|people::family,0.99685436|0.00049810|0.00035183|0.00030928|0.00030567
cb853a523edd487ed291,138,home::gift,138,home::gift,0.9802547097206116,True,home::gift|people::baby|home::box|home::ring|days and time::tuesday,0.98025471|0.01047247|0.00587452|0.00036685|0.00021650
2480de046ece81a7ff8d,248,society::marriage,248,society::marriage,0.9965967535972595,True,society::marriage|people::husband|society::bill|electronics::laptop|places::bank,0.99659675|0.00172456|0.00051579|0.00017009|0.00010397
8d25e854a12bf04ced9d,185,people::crowd,185,people::crowd,0.9972782731056213,True,people::crowd|animals::dog|animals::bird|electronics::camera|electronics::television,0.99727827|0.00050616|0.00038808|0.00019514|0.00011652
c9b465e5bdb002a22016,256,society::science,256,society::science,0.9954603314399719,True,society::science|means of transportation::bicycle|society::exercise|adjectives::soft|adjectives::bad,0.99546033|0.00083299|0.00059299|0.00051119|0.00033264
eee51f1535678f493d08,44,adjectives::sick,44,adjectives::sick,0.9969087243080139,True,adjectives::sick|people::baby|colours::grey|electronics::laptop|days and time::tuesday,0.99690872|0.00082771|0.00021092|0.00019431|0.00015251
9fd8a1a22bf9aa742030,125,greetings::how are you,125,greetings::how are you,0.9951131939888,True,greetings::how are you|places::city|adjectives::healthy|society::peace|colours::orange,0.99511319|0.00182590|0.00066649|0.00049529|0.00033644
c99c4e6c3f8d2e8f85c1,43,adjectives::short,43,adjectives::short,0.9886154532432556,True,adjectives::short|home::tool|people::crowd|days and time::week|animals::bird,0.98861545|0.00565332|0.00135331|0.00126143|0.00074737
1f8d544c94e803441a02,182,people::boy,182,people::boy,0.9903668165206909,True,people::boy|people::girl|days and time::friday|people::son|people::brother,0.99036682|0.00411114|0.00166105|0.00105996|0.00046126
601f922f17cfcd513359,207,places::city,207,places::city,0.9961851239204407,True,places::city|animals::dog|people::parent|people::father|society::science,0.99618512|0.00143471|0.00034750|0.00031149|0.00027382
e5d0d4f5b744465f24aa,208,places::court,208,places::court,0.9932593703269958,True,places::court|people::player|society::election|places::train station|jobs::reporter,0.99325937|0.00513134|0.00016495|0.00015435|0.00012997
fa1103bfffe5c12c2994,179,means of transportation::truck,179,means of transportation::truck,0.9964084029197693,True,means of transportation::truck|places::house|adjectives::soft|home::box|people::neighbour,0.99640840|0.00243156|0.00019270|0.00017139|0.00010395
ff2740c4b11153487464,35,adjectives::new,35,adjectives::new,0.9903055429458618,True,adjectives::new|adjectives::old|greetings::good afternoon|adjectives::famous|adjectives::fast,0.99030554|0.00275992|0.00229701|0.00056732|0.00044879
d2db7ca4e052900c3a89,196,people::mother,196,people::mother,0.9892587065696716,True,people::mother|days and time::sunday|people::woman|people::grandmother|electronics::cell phone,0.98925871|0.00203288|0.00173882|0.00130231|0.00110526
edd40ec6ea35b2886306,197,people::neighbour,197,people::neighbour,0.9953908920288086,True,people::neighbour|home::paint|greetings::thank you|days and time::wednesday|places::house,0.99539089|0.00059295|0.00054839|0.00037106|0.00036388
4329789a3e0c6d5fd089,49,adjectives::tall,49,adjectives::tall,0.9975723624229431,True,adjectives::tall|jobs::reporter|home::dream|electronics::fan|days and time::afternoon,0.99757236|0.00030233|0.00025658|0.00025162|0.00018195
800ba6d36a579795f400,88,days and time::afternoon,88,days and time::afternoon,0.995664656162262,True,days and time::afternoon|adjectives::warm|colours::orange|adjectives::thick|electronics::lamp,0.99566466|0.00177764|0.00090793|0.00023592|0.00015716
ef0fd2411c76f9826538,214,places::location,214,places::location,0.996833860874176,True,places::location|jobs::patient|people::brother|means of transportation::boat|people::husband,0.99683386|0.00081801|0.00039248|0.00011027|0.00009089
9ae34b172a93167d2b1b,229,pronouns::they,229,pronouns::they,0.9963951706886292,True,pronouns::they|jobs::waiter|adjectives::wide|days and time::afternoon|jobs::reporter,0.99639517|0.00073293|0.00053623|0.00038322|0.00033687
2012ac6aa4a28dafb9cb,120,greetings::good afternoon,120,greetings::good afternoon,0.9809250235557556,True,greetings::good afternoon|society::god|adjectives::warm|clothes::skirt|colours::green,0.98092502|0.00800369|0.00118500|0.00096340|0.00073292
6b2d8b5d57678badf596,185,people::crowd,185,people::crowd,0.9922728538513184,True,people::crowd|electronics::camera|adjectives::big large|adjectives::loud|adjectives::small little,0.99227285|0.00350948|0.00117094|0.00094456|0.00013345
cf42ddd40e02f3f8d63b,199,people::player,199,people::player,0.9906452894210815,True,people::player|jobs::reporter|adjectives::tall|jobs::manager|jobs::author,0.99064529|0.00672727|0.00079410|0.00020554|0.00019767
f1f8692be3f90da68300,76,clothes::t-shirt,76,clothes::t-shirt,0.9870941042900085,True,clothes::t-shirt|greetings::alright|society::team|home::bathroom|means of transportation::bus,0.98709410|0.00600867|0.00167508|0.00063084|0.00053330
a0191f274471c89968c0,11,adjectives::deaf,11,adjectives::deaf,0.9865983724594116,True,adjectives::deaf|adjectives::cheap|adjectives::female|seasons::fall|greetings::good night,0.98659837|0.00256290|0.00132443|0.00125885|0.00085178
bb83bfcbd66b72a5e480,21,adjectives::happy,21,adjectives::happy,0.990995466709137,True,adjectives::happy|society::war|animals::animal|animals::cat|adjectives::heavy,0.99099547|0.00236233|0.00226297|0.00161097|0.00039171
5dc15f65c6692d6315ca,112,electronics::computer,112,electronics::computer,0.9986321330070496,True,electronics::computer|electronics::clock|places::university|animals::cow|places::temple,0.99863213|0.00012916|0.00009673|0.00006648|0.00005353
04c6f3da8320526fd818,84,colours::pink,84,colours::pink,0.8016361594200134,True,colours::pink|colours::red|colours::white|pronouns::you|colours::colour,0.80163616|0.19492060|0.00069209|0.00022381|0.00022207
c0b24170f42893f75cbc,63,animals::dog,63,animals::dog,0.9982861876487732,True,animals::dog|places::city|electronics::radio|animals::fish|means of transportation::bicycle,0.99828619|0.00029209|0.00022483|0.00014919|0.00010456
c951334e00b5166cd066,170,jobs::waiter,170,jobs::waiter,0.9971441626548767,True,jobs::waiter|pronouns::they|society::sign|home::bed|places::university,0.99714416|0.00059865|0.00029290|0.00024000|0.00021513
455b74b8d37e7e084a6c,215,places::market,215,places::market,0.9970194697380066,True,places::market|adjectives::light|adjectives::happy|places::store or shop|adjectives::hot,0.99701947|0.00069436|0.00044309|0.00027728|0.00021343
658b2350d3b36417809b,136,home::door,136,home::door,0.9965245127677917,True,home::door|society::sign|pronouns::i|adjectives::flat|home::key,0.99652451|0.00129154|0.00030797|0.00021668|0.00020118
6e83f4b59cb67c63a96a,76,clothes::t-shirt,76,clothes::t-shirt,0.9983620047569275,True,clothes::t-shirt|jobs::lawyer|adjectives::loose|pronouns::we|adjectives::new,0.99836200|0.00024217|0.00020553|0.00018641|0.00007159
b7d7b8ee70b50c99b127,188,people::father,188,people::father,0.9922171831130981,True,people::father|people::parent|adjectives::hard|electronics::television|adjectives::bad,0.99221718|0.00171698|0.00150932|0.00055960|0.00034476
dec370571d7a08f77890,137,home::dream,137,home::dream,0.9925751686096191,True,home::dream|society::newspaper|people::player|jobs::actor|adjectives::tall,0.99257517|0.00104585|0.00075330|0.00053417|0.00049210
c88c7e8c783ec56943b4,33,adjectives::mean,33,adjectives::mean,0.9905393123626709,True,adjectives::mean|adjectives::male|days and time::time|days and time::second|adjectives::expensive,0.99053931|0.00161023|0.00130910|0.00089623|0.00036070
466ea5b46d074a4efa33,186,people::daughter,186,people::daughter,0.9942989349365234,True,people::daughter|people::wife|people::girl|people::son|jobs::police,0.99429893|0.00164179|0.00097654|0.00091379|0.00026593
3652d141eaefd937564a,253,society::price,253,society::price,0.9985042810440063,True,society::price|people::daughter|home::photograph|days and time::tuesday|electronics::screen,0.99850428|0.00016072|0.00014633|0.00006994|0.00006006
6a4160e5ed0fd927a75d,226,pronouns::i,231,pronouns::you,0.9658117294311523,False,pronouns::you|days and time::minute|days and time::second|adjectives::female|pronouns::i,0.96581173|0.02804769|0.00171092|0.00063435|0.00035863
00d44f980d71f161797c,83,colours::orange,83,colours::orange,0.9927126169204712,True,colours::orange|colours::blue|adjectives::warm|days and time::afternoon|places::city,0.99271262|0.00271311|0.00116235|0.00092670|0.00037884
1eae9b11cff259208b9b,159,jobs::job,159,jobs::job,0.9919155240058899,True,jobs::job|people::sister|adjectives::curved|people::man|people::girl,0.99191552|0.00314474|0.00127556|0.00044776|0.00028797
9350178fdca429a3c203,188,people::father,188,people::father,0.9985052347183228,True,people::father|people::parent|people::grandfather|people::wife|home::card,0.99850523|0.00016517|0.00014922|0.00014576|0.00007301
e86da917c2837d8229a6,220,places::store or shop,220,places::store or shop,0.9974402189254761,True,places::store or shop|adjectives::loose|places::market|society::bill|society::war,0.99744022|0.00039272|0.00035341|0.00032685|0.00022203
13ddd786853cbd3bf846,224,places::university,224,places::university,0.9969624876976013,True,places::university|adjectives::thin|days and time::friday|days and time::second|adjectives::bad,0.99696249|0.00040184|0.00038195|0.00033314|0.00032289
5c894640fd9ad9fdd1f5,229,pronouns::they,229,pronouns::they,0.9964402318000793,True,pronouns::they|electronics::lamp|society::attack|days and time::afternoon|jobs::waiter,0.99644023|0.00193867|0.00035722|0.00018460|0.00013453
48cf31b8c8b899f0f7f5,204,people::wife,204,people::wife,0.989045262336731,True,people::wife|people::grandfather|means of transportation::train ticket|greetings::how are you|people::father,0.98904526|0.00256925|0.00158907|0.00048087|0.00045527
33696b6ad855b1bf9d90,140,home::kitchen,131,home::bedroom,0.9866395592689514,False,home::bedroom|home::bathroom|home::kitchen|home::card|jobs::author,0.98663956|0.00497907|0.00205943|0.00099588|0.00084850
8813649c22dee2627eb5,198,people::parent,198,people::parent,0.9883691072463989,True,people::parent|people::grandfather|people::father|society::peace|colours::yellow,0.98836911|0.00569624|0.00285308|0.00028582|0.00016286
e3b4a13571448b7cfdff,129,home::bathroom,129,home::bathroom,0.9977446794509888,True,home::bathroom|society::medicine|pronouns::you (plural)|seasons::season|society::death,0.99774468|0.00027105|0.00025663|0.00014396|0.00011037
92d4e4c9f1fa92e7ada9,144,home::paint,141,home::letter,0.9886577725410461,False,home::letter|society::race (ethnicity)|home::paper|jobs::author|people::friend,0.98865777|0.00179994|0.00077718|0.00074449|0.00067522
5668ccd36db1833379f4,1,adjectives::bad,1,adjectives::bad,0.9981814622879028,True,adjectives::bad|people::friend|adjectives::mean|places::university|adjectives::dirty,0.99818146|0.00020955|0.00016383|0.00012367|0.00011527
cfd28a90d05319748c53,245,society::exercise,245,society::exercise,0.9974115490913391,True,society::exercise|electronics::camera|society::science|seasons::ex. monsoon|adjectives::big large,0.99741155|0.00081848|0.00037473|0.00032304|0.00018050
a88a4f79a0fe78330b34,107,days and time::year,107,days and time::year,0.9439238905906677,True,days and time::year|jobs::soldier|days and time::month|electronics::television|adjectives::poor,0.94392389|0.03746784|0.00497264|0.00433722|0.00301606
d8b90e7091a431bbe4d3,68,clothes::dress,68,clothes::dress,0.5244390368461609,True,clothes::dress|clothes::clothing|colours::colour|people::child|adjectives::dead,0.52443904|0.45564052|0.00526334|0.00230838|0.00200556
fc3b5b681d692333203e,155,jobs::actor,155,jobs::actor,0.9984558820724487,True,jobs::actor|adjectives::deep|home::paper|people::player|adjectives::strong,0.99845588|0.00031712|0.00015699|0.00013963|0.00009786
d47766ab4c6f2df1c2dc,118,electronics::television,118,electronics::television,0.9879393577575684,True,electronics::television|people::family|society::science|days and time::year|electronics::radio,0.98793936|0.00516402|0.00098943|0.00064383|0.00042059
d77b3262930d9335ed1f,178,means of transportation::transportation,178,means of transportation::transportation,0.9928538203239441,True,means of transportation::transportation|clothes::shoes|adjectives::long|society::election|means of transportation::bus,0.99285382|0.00254910|0.00204826|0.00051185|0.00038336
a9e1be53c15723195882,195,people::man,195,people::man,0.8418796062469482,True,people::man|adjectives::male|adjectives::thick|days and time::friday|people::mother,0.84187961|0.09155016|0.03786679|0.00822132|0.00440056
0b2d083dcbd0b3b3e2ba,110,electronics::cell phone,110,electronics::cell phone,0.9893198013305664,True,electronics::cell phone|people::mother|days and time::friday|home::bed|pronouns::he,0.98931980|0.00499259|0.00136490|0.00088816|0.00043285
692e5fd740c68960f532,96,days and time::night,96,days and time::night,0.9896447658538818,True,days and time::night|days and time::morning|greetings::hello|colours::grey|greetings::good night,0.98964477|0.00295898|0.00157766|0.00114974|0.00105095
6230ece2c51400d2fe67,204,people::wife,204,people::wife,0.9980509281158447,True,people::wife|days and time::wednesday|people::husband|places::bank|people::grandfather,0.99805093|0.00028084|0.00020952|0.00017167|0.00013902
617a9d6f4a2dcb1e9edf,13,adjectives::dirty,13,adjectives::dirty,0.9689203500747681,True,adjectives::dirty|adjectives::dead|adjectives::new|pronouns::you (plural)|society::sign,0.96892035|0.01334346|0.00615699|0.00065148|0.00060252
23cb7a700662b4a11ccc,92,days and time::minute,92,days and time::minute,0.9936296343803406,True,days and time::minute|society::money|adjectives::blind|home::pencil|adjectives::fast,0.99362963|0.00165355|0.00088163|0.00052031|0.00047934
9c51531d532a69f19606,68,clothes::dress,68,clothes::dress,0.9793443083763123,True,clothes::dress|clothes::t-shirt|jobs::lawyer|clothes::clothing|places::court,0.97934431|0.00232545|0.00215069|0.00178996|0.00174850
19da0030985359306f20,193,people::husband,193,people::husband,0.9906228184700012,True,people::husband|jobs::actor|people::son|adjectives::dry|society::marriage,0.99062282|0.00532159|0.00061602|0.00038549|0.00038399
c7be787843332a0417d1,128,home::bag,128,home::bag,0.9583889842033386,True,home::bag|home::card|society::energy|home::chair|seasons::winter,0.95838898|0.01239877|0.00459703|0.00400960|0.00318427
67c80aed05ba86375632,197,people::neighbour,197,people::neighbour,0.9953527450561523,True,people::neighbour|adjectives::wide|society::newspaper|home::page|adjectives::low,0.99535275|0.00058373|0.00041071|0.00034720|0.00033390
e73f6fd2e8c3294f7f50,120,greetings::good afternoon,120,greetings::good afternoon,0.99724280834198,True,greetings::good afternoon|adjectives::warm|greetings::hello|greetings::good night|society::god,0.99724281|0.00110984|0.00022903|0.00021431|0.00018047
6d7e4f71d8d40c1251a0,190,people::girl,190,people::girl,0.9863925576210022,True,people::girl|people::daughter|people::boy|adjectives::beautiful|people::woman,0.98639256|0.00313947|0.00290354|0.00271699|0.00068162
1cd569216de9324d6592,48,adjectives::strong,48,adjectives::strong,0.9963659048080444,True,adjectives::strong|adjectives::deep|home::photograph|adjectives::sick|jobs::actor,0.99636590|0.00140722|0.00023152|0.00015912|0.00015363
33d71f5cae47f14a5413,168,jobs::student,168,jobs::student,0.9963711500167847,True,jobs::student|home::page|seasons::spring|places::school|adjectives::small little,0.99637115|0.00094477|0.00041274|0.00037727|0.00022883
ffc46541233189a205ca,108,days and time::yesterday,108,days and time::yesterday,0.9882590770721436,True,days and time::yesterday|days and time::thursday|days and time::saturday|colours::yellow|society::attack,0.98825908|0.00613441|0.00104947|0.00093707|0.00073265
126ff9047c7b48fd3782,199,people::player,199,people::player,0.9993098974227905,True,people::player|jobs::reporter|jobs::author|jobs::actor|places::india,0.99930990|0.00004663|0.00004380|0.00004083|0.00003425
3a66b8d9a430c647d28a,183,people::brother,183,people::brother,0.9965662956237793,True,people::brother|people::boy|colours::colour|people::son|people::sister,0.99656630|0.00091588|0.00042759|0.00042592|0.00017276
b9e64a850af57d9a078f,71,clothes::pocket,71,clothes::pocket,0.995652437210083,True,clothes::pocket|adjectives::long|adjectives::alive|home::soap|means of transportation::plane,0.99565244|0.00146795|0.00055935|0.00039819|0.00021481
ab305bdf14dadc7bd22f,184,people::child,184,people::child,0.9890801310539246,True,people::child|days and time::today|adjectives::bad|home::key|adjectives::mean,0.98908013|0.00308714|0.00223228|0.00125220|0.00107525
cdbdf759dc2c72110542,194,people::king,194,people::king,0.9982404708862305,True,people::king|people::queen|pronouns::he|people::boy|places::india,0.99824047|0.00037946|0.00016642|0.00015094|0.00012223
ec55300ec2f68b3eadab,12,adjectives::deep,12,adjectives::deep,0.9976307153701782,True,adjectives::deep|jobs::actor|adjectives::weak|adjectives::strong|adjectives::high,0.99763072|0.00043820|0.00026682|0.00025560|0.00013209
8f7202bb6f0850863d64,209,places::ground,209,places::ground,0.9982995390892029,True,places::ground|places::temple|home::bedroom|electronics::camera|adjectives::loud,0.99829954|0.00036352|0.00027015|0.00013217|0.00012861
123116f5076a73f281af,65,animals::horse,189,people::friend,0.9778316020965576,False,people::friend|animals::horse|days and time::month|jobs::patient|jobs::teacher,0.97783160|0.01951679|0.00029984|0.00027088|0.00017490
736aeb13842d3f38d9f3,166,jobs::secretary,166,jobs::secretary,0.9982978701591492,True,jobs::secretary|society::marriage|jobs::reporter|places::court|people::husband,0.99829787|0.00039925|0.00032081|0.00023655|0.00006442
6b8ebdf3280b514872e7,7,adjectives::cold,7,adjectives::cold,0.795940101146698,True,adjectives::cold|seasons::winter|home::box|adjectives::hot|society::energy,0.79594010|0.18039501|0.01396501|0.00422594|0.00058548
f6d6f26edc8a029aa936,187,people::family,187,people::family,0.9939872026443481,True,people::family|home::tool|electronics::television|animals::bird|animals::animal,0.99398720|0.00130854|0.00095735|0.00058522|0.00044521
0f86a1fc8e4090f22939,130,home::bed,130,home::bed,0.994937539100647,True,home::bed|jobs::student|jobs::waiter|home::bedroom|adjectives::small little,0.99493754|0.00114242|0.00040260|0.00032098|0.00030628
c4d36acdf6ba74133b09,120,greetings::good afternoon,120,greetings::good afternoon,0.9963538646697998,True,greetings::good afternoon|days and time::afternoon|adjectives::warm|society::attack|greetings::hello,0.99635386|0.00068314|0.00032777|0.00027280|0.00022352
348bf26760aea606c15d,240,society::ball,240,society::ball,0.9972795844078064,True,society::ball|society::gun|greetings::good night|greetings::good morning|days and time::night,0.99727958|0.00040830|0.00039266|0.00033586|0.00030700
d07d269f6022d6fdeecb,136,home::door,136,home::door,0.9961503744125366,True,home::door|pronouns::you (plural)|society::sign|pronouns::she|pronouns::i,0.99615037|0.00120811|0.00091193|0.00027921|0.00018240
a679f874f51770bf5be2,122,greetings::good morning,122,greetings::good morning,0.9954280853271484,True,greetings::good morning|greetings::good night|colours::blue|society::ball|adjectives::good,0.99542809|0.00209407|0.00024241|0.00023958|0.00018953
97b774a8a235021365ee,211,places::house,211,places::house,0.9011001586914062,True,places::house|adjectives::hot|electronics::radio|places::city|jobs::author,0.90110016|0.01514513|0.01188755|0.01061438|0.00674691
9c5f61517a4e6754a31a,217,places::park,217,places::park,0.9975289702415466,True,places::park|adjectives::wet|society::team|society::medicine|home::bathroom,0.99752897|0.00038667|0.00030232|0.00027742|0.00015807
56327bf32b1b90bec442,209,places::ground,209,places::ground,0.9955247640609741,True,places::ground|society::team|home::bedroom|places::school|electronics::camera,0.99552476|0.00074093|0.00071813|0.00063623|0.00031619
753fc6098bbef28083d2,189,people::friend,189,people::friend,0.9872978925704956,True,people::friend|places::school|people::president|days and time::wednesday|days and time::month,0.98729789|0.00662643|0.00106081|0.00077007|0.00036518
04f21903f6c6a02f8faf,196,people::mother,196,people::mother,0.9813220500946045,True,people::mother|days and time::sunday|people::grandmother|adjectives::old|people::woman,0.98132205|0.00461599|0.00332477|0.00216347|0.00206440
3aea666efaa3186db9e6,131,home::bedroom,131,home::bedroom,0.9947488903999329,True,home::bedroom|home::bathroom|home::kitchen|home::bed|adjectives::wet,0.99474889|0.00355971|0.00017448|0.00016649|0.00013222
964fa77ea00e7ea0748b,214,places::location,214,places::location,0.9974552989006042,True,places::location|home::photograph|days and time::monday|people::friend|jobs::patient,0.99745530|0.00080898|0.00030946|0.00014113|0.00013362
d7b7da9b24f43626889d,49,adjectives::tall,49,adjectives::tall,0.9966205358505249,True,adjectives::tall|electronics::fan|places::india|home::dream|jobs::reporter,0.99662054|0.00087058|0.00027287|0.00025936|0.00015011
0da59dcfe1cf52e08d0d,46,adjectives::small little,46,adjectives::small little,0.9503608345985413,True,adjectives::small little|jobs::student|adjectives::big large|adjectives::loud|seasons::spring,0.95036083|0.01591080|0.01234303|0.00766396|0.00645370
4a6e8b89ef86d846d1be,208,places::court,208,places::court,0.9959774613380432,True,places::court|places::train station|jobs::reporter|adjectives::loose|adjectives::shallow,0.99597746|0.00249788|0.00021656|0.00015477|0.00011191
24cb0e3746e97f9c6b41,161,jobs::manager,161,jobs::manager,0.9985334873199463,True,jobs::manager|jobs::secretary|people::son|home::chair|means of transportation::bus,0.99853349|0.00020397|0.00018427|0.00014691|0.00007925
71c5951387bb94edfa74,162,jobs::patient,162,jobs::patient,0.9920618534088135,True,jobs::patient|pronouns::you (plural)|home::bed|days and time::evening|jobs::waiter,0.99206185|0.00149734|0.00095923|0.00060498|0.00036408
d461d760d0e9aeac047f,224,places::university,224,places::university,0.9951784610748291,True,places::university|days and time::second|people::friend|adjectives::mean|adjectives::short,0.99517846|0.00108612|0.00091818|0.00045989|0.00021304
298852e7dcf68e56701d,81,colours::green,81,colours::green,0.7502906322479248,True,colours::green|places::office|society::god|means of transportation::train|days and time::evening,0.75029063|0.17960736|0.02819686|0.00509507|0.00355693
cdf8c1a0d08254f3857d,164,jobs::priest,164,jobs::priest,0.9963311553001404,True,jobs::priest|electronics::lamp|colours::black|days and time::saturday|society::attack,0.99633116|0.00089096|0.00083698|0.00024263|0.00019880
f8d4def81a72c9563467,233,seasons::ex. monsoon,233,seasons::ex. monsoon,0.9820734262466431,True,seasons::ex. monsoon|society::exercise|animals::cow|animals::cat|clothes::skirt,0.98207343|0.00807590|0.00154131|0.00117257|0.00078416
8cb103642393bd39aea8,77,colours::black,77,colours::black,0.9511921405792236,True,colours::black|electronics::fan|places::india|adjectives::tall|colours::grey,0.95119214|0.02677326|0.00918059|0.00703900|0.00133296
0009c316b96df4ed1e07,37,adjectives::old,37,adjectives::old,0.9974338412284851,True,adjectives::old|people::adult|colours::yellow|days and time::morning|people::queen,0.99743384|0.00056696|0.00040677|0.00018335|0.00018192
1b6db5d1b325a0d0be36,246,society::god,246,society::god,0.9979320764541626,True,society::god|places::library|electronics::camera|home::dream|home::photograph,0.99793208|0.00065034|0.00017504|0.00009934|0.00007647
beb39e8cb52d356b99df,173,means of transportation::bus,173,means of transportation::bus,0.9897677302360535,True,means of transportation::bus|means of transportation::car|society::sport|jobs::author|means of transportation::transportation,0.98976773|0.00656561|0.00134961|0.00039894|0.00024578
b252c25901cf7449b341,200,people::president,200,people::president,0.9992639422416687,True,people::president|home::letter|people::friend|home::photograph|society::team,0.99926394|0.00011999|0.00011721|0.00005283|0.00003070
9cf5da9dffb003284dbc,145,home::paper,145,home::paper,0.8465205430984497,True,home::paper|means of transportation::train ticket|society::medicine|people::wife|greetings::how are you,0.84652054|0.04888996|0.02318437|0.00915034|0.00859595
497be0f5702775f234d9,211,places::house,211,places::house,0.9992019534111023,True,places::house|days and time::week|places::hospital|colours::orange|places::temple,0.99920195|0.00027465|0.00010343|0.00003820|0.00002817
10580b1820bf1a77b16e,98,days and time::second,89,days and time::evening,0.5187082886695862,False,days and time::evening|days and time::second|pronouns::you (plural)|pronouns::she|adjectives::short,0.51870829|0.45775846|0.00728427|0.00200703|0.00148568
d51fb125f855a23bad54,124,greetings::hello,124,greetings::hello,0.9978942275047302,True,greetings::hello|colours::green|greetings::good afternoon|home::bed|days and time::night,0.99789423|0.00039753|0.00020704|0.00015207|0.00014398
e156ca572bd5db71c67a,106,days and time::week,106,days and time::week,0.9579364061355591,True,days and time::week|animals::dog|seasons::spring|home::lock|days and time::monday,0.95793641|0.00754610|0.00714451|0.00333551|0.00285301
930ee76265247b11e46c,232,pronouns::you (plural),232,pronouns::you (plural),0.9338796138763428,True,pronouns::you (plural)|people::sister|jobs::teacher|adjectives::blind|jobs::artist,0.93387961|0.02421577|0.00897835|0.00669826|0.00313941
7bfd88e4a9b5e87828c1,261,society::war,261,society::war,0.9971060156822205,True,society::war|clothes::dress|adjectives::loose|clothes::t-shirt|adjectives::happy,0.99710602|0.00037903|0.00037903|0.00037461|0.00018329
6a03071d45d67a800a65,113,electronics::fan,113,electronics::fan,0.9951124787330627,True,electronics::fan|jobs::artist|adjectives::tall|colours::grey|clothes::hat,0.99511248|0.00061160|0.00052109|0.00042364|0.00034984
021707d0677ee971374e,57,adjectives::wide,57,adjectives::wide,0.9928795695304871,True,adjectives::wide|adjectives::big large|animals::bird|adjectives::narrow|adjectives::happy,0.99287957|0.00382675|0.00079589|0.00058001|0.00032409
0f3fbc38a1a6e958fd2e,216,places::office,216,places::office,0.9949244260787964,True,places::office|jobs::waiter|days and time::evening|colours::blue|home::bed,0.99492443|0.00102005|0.00072900|0.00056553|0.00040575
19ea2b812ad7101560c5,15,adjectives::expensive,15,adjectives::expensive,0.9972028732299805,True,adjectives::expensive|greetings::pleased|adjectives::fast|adjectives::hard|adjectives::dead,0.99720287|0.00048483|0.00025449|0.00018619|0.00015137
fc98ad1aa5ded1ef6f64,180,people::adult,180,people::adult,0.9966519474983215,True,people::adult|adjectives::old|people::child|society::attack|jobs::job,0.99665195|0.00043606|0.00043267|0.00038183|0.00025435
3a66323cadb55007f391,28,adjectives::long,28,adjectives::long,0.8950068354606628,True,adjectives::long|jobs::soldier|means of transportation::transportation|adjectives::slow|places::street or road,0.89500684|0.09359892|0.00414470|0.00094674|0.00080663
93afe06bd085ecc00e88,205,people::woman,39,adjectives::quiet,0.5846719145774841,False,adjectives::quiet|society::god|society::gun|means of transportation::train|people::woman,0.58467191|0.13303098|0.12112609|0.05229958|0.02832393
8c1d3aeee772338cc063,139,home::key,139,home::key,0.9834158420562744,True,home::key|pronouns::i|days and time::today|people::child|society::money,0.98341584|0.00624911|0.00230792|0.00155553|0.00100432
f6f7a15fe0cfff59d9fd,254,society::race (ethnicity),254,society::race (ethnicity),0.9857804179191589,True,society::race (ethnicity)|greetings::alright|people::player|means of transportation::bus|places::park,0.98578042|0.00966425|0.00060824|0.00058952|0.00053051
a221d3aac27ad6972770,198,people::parent,198,people::parent,0.9953240752220154,True,people::parent|people::father|people::grandfather|society::peace|colours::yellow,0.99532408|0.00178399|0.00110770|0.00017322|0.00014759
0e384dcd383bf3aee531,43,adjectives::short,43,adjectives::short,0.9944274425506592,True,adjectives::short|adjectives::tight|people::family|adjectives::cold|society::team,0.99442744|0.00162287|0.00055432|0.00041516|0.00029670
3cb537a5792023949bc5,189,people::friend,189,people::friend,0.8174338340759277,True,people::friend|adjectives::mean|places::university|people::child|people::daughter,0.81743383|0.05944647|0.02127925|0.01342065|0.01285620
2313868a7b89b73aeda2,55,adjectives::weak,55,adjectives::weak,0.9941111207008362,True,adjectives::weak|adjectives::flat|society::marriage|adjectives::loose|places::store or shop,0.99411112|0.00072840|0.00041992|0.00041180|0.00030011
d41adee85c2532800e24,223,places::train station,223,places::train station,0.9971966743469238,True,places::train station|places::court|society::science|pronouns::they|jobs::waiter,0.99719667|0.00126741|0.00016953|0.00010444|0.00008847
b0afc2961be71c5cd787,193,people::husband,193,people::husband,0.9973781108856201,True,people::husband|people::wife|adjectives::dry|jobs::actor|people::father,0.99737811|0.00053466|0.00045023|0.00031065|0.00024005
17c270993fa03d963a16,194,people::king,194,people::king,0.9979159235954285,True,people::king|people::queen|people::boy|pronouns::he|seasons::fall,0.99791592|0.00044697|0.00039138|0.00015267|0.00012412
75a4264ff0953a934ea9,116,electronics::radio,116,electronics::radio,0.9979427456855774,True,electronics::radio|animals::dog|places::street or road|adjectives::narrow|adjectives::small little,0.99794275|0.00034138|0.00022127|0.00017436|0.00015752
e0dc77e8bc9c23e512a2,92,days and time::minute,92,days and time::minute,0.9620054960250854,True,days and time::minute|society::money|pronouns::you|places::university|days and time::second,0.96200550|0.03215547|0.00144068|0.00139091|0.00060291
de2889794297dacbeaca,180,people::adult,180,people::adult,0.9894318580627441,True,people::adult|people::girl|adjectives::beautiful|jobs::police|people::daughter,0.98943186|0.00225059|0.00119996|0.00074507|0.00053248
9fe8de228eb6b3db97f8,239,society::attack,239,society::attack,0.9270097613334656,True,society::attack|days and time::saturday|adjectives::famous|days and time::yesterday|pronouns::they,0.92700976|0.01886735|0.01166933|0.01033845|0.00926733
fb9483eb064229e99925,221,places::street or road,221,places::street or road,0.9976294636726379,True,places::street or road|clothes::shoes|society::election|places::store or shop|adjectives::narrow,0.99762946|0.00055610|0.00026786|0.00024581|0.00021948
446b76d755c6ddc71e48,255,society::religion,255,society::religion,0.998039186000824,True,society::religion|society::newspaper|seasons::season|seasons::spring|places::hospital,0.99803919|0.00054132|0.00043497|0.00010618|0.00007212
269e1a6fe1ed87d2d741,72,clothes::shirt,72,clothes::shirt,0.9989233613014221,True,clothes::shirt|clothes::shoes|home::bag|clothes::dress|people::family,0.99892336|0.00019623|0.00005281|0.00004500|0.00004311
89ec03ab356adbf86462,178,means of transportation::transportation,178,means of transportation::transportation,0.9965198040008545,True,means of transportation::transportation|society::election|places::train station|means of transportation::bicycle|clothes::shoes,0.99651980|0.00216291|0.00034356|0.00016875|0.00010560
1445fbbf1f5fa377ee95,108,days and time::yesterday,108,days and time::yesterday,0.9926294088363647,True,days and time::yesterday|electronics::fan|colours::grey|adjectives::famous|society::attack,0.99262941|0.00123721|0.00081456|0.00078642|0.00055331
c18b25d99cc7664fa45a,77,colours::black,77,colours::black,0.7216640114784241,True,colours::black|colours::grey|days and time::saturday|electronics::cell phone|electronics::fan,0.72166401|0.16484362|0.03073216|0.02007607|0.01878619
58af241f56bd5ca3ab63,154,home::window,154,home::window,0.9985437393188477,True,home::window|adjectives::big large|places::temple|animals::cat|home::box,0.99854374|0.00021797|0.00011352|0.00009748|0.00007104
9cc6f63b88213d8bf262,141,home::letter,141,home::letter,0.9985657334327698,True,home::letter|means of transportation::car|electronics::screen|society::technology|home::paper,0.99856573|0.00009711|0.00008404|0.00007504|0.00005971
764fe92b1feb566260f2,234,seasons::fall,232,pronouns::you (plural),0.9256879091262817,False,pronouns::you (plural)|home::door|seasons::fall|days and time::second|days and time::evening,0.92568791|0.02719936|0.02061151|0.00301613|0.00254978
e062e72a5d5f69867a00,167,jobs::soldier,167,jobs::soldier,0.9798951745033264,True,jobs::soldier|society::race (ethnicity)|days and time::month|animals::horse|means of transportation::train ticket,0.97989517|0.01430892|0.00151405|0.00092191|0.00045638
859f2c621500bbdc6ed8,26,adjectives::hot,26,adjectives::hot,0.9982438087463379,True,adjectives::hot|places::park|adjectives::wet|days and time::morning|adjectives::small little,0.99824381|0.00025877|0.00021791|0.00019381|0.00010455
acf11b8b1e3d2980105b,228,pronouns::she,228,pronouns::she,0.9896342754364014,True,pronouns::she|pronouns::he|adjectives::cool|pronouns::you (plural)|days and time::evening,0.98963428|0.00188082|0.00181585|0.00131303|0.00072796
2d32ef1fd6294e94fcb9,235,seasons::season,235,seasons::season,0.996455192565918,True,seasons::season|adjectives::shallow|home::bathroom|society::peace|people::player,0.99645519|0.00121795|0.00072161|0.00036285|0.00007401
6f593a1b2d4ef4f364b9,254,society::race (ethnicity),254,society::race (ethnicity),0.9970318078994751,True,society::race (ethnicity)|greetings::alright|means of transportation::bus|places::park|clothes::t-shirt,0.99703181|0.00096781|0.00036591|0.00015738|0.00013201
0ef603e98ff184ca7328,75,clothes::suit,75,clothes::suit,0.9989894032478333,True,clothes::suit|society::medicine|greetings::how are you|animals::bird|clothes::shirt,0.99898940|0.00016590|0.00006651|0.00005386|0.00005241
8ea8ef2103a3e0760d1b,169,jobs::teacher,169,jobs::teacher,0.9983925223350525,True,jobs::teacher|jobs::police|home::soap|adjectives::hard|animals::horse,0.99839252|0.00023473|0.00019689|0.00014126|0.00010416
1db7c4eb0f20c6cfafb2,97,days and time::saturday,97,days and time::saturday,0.9947853684425354,True,days and time::saturday|people::mother|people::girl|colours::yellow|days and time::thursday,0.99478537|0.00117391|0.00085885|0.00070372|0.00065594
6f00d807c597a6bcc8ce,202,people::sister,202,people::sister,0.982444703578949,True,people::sister|people::brother|days and time::sunday|greetings::good evening|adjectives::blind,0.98244470|0.01457207|0.00022829|0.00020464|0.00016637
8848fda2d7601107e1b2,2,adjectives::beautiful,2,adjectives::beautiful,0.8731328248977661,True,adjectives::beautiful|adjectives::wet|adjectives::ugly|greetings::good morning|greetings::good night,0.87313282|0.04811770|0.01400305|0.01284992|0.01274992
ae49014fff944c64c52e,216,places::office,216,places::office,0.9962940812110901,True,places::office|places::university|greetings::good night|jobs::waiter|colours::blue,0.99629408|0.00075024|0.00038318|0.00029037|0.00020192
a99a6a3cbb1015244506,51,adjectives::thin,51,adjectives::thin,0.990126371383667,True,adjectives::thin|places::india|adjectives::cheap|electronics::cell phone|places::university,0.99012637|0.00143717|0.00118681|0.00064024|0.00037199
8f5b1aca30f9e42a42bd,60,animals::bird,60,animals::bird,0.9985895752906799,True,animals::bird|adjectives::healthy|home::table|electronics::television|home::bedroom,0.99858958|0.00039626|0.00012228|0.00007359|0.00007132
fd3845ad6e0ae019beed,78,colours::blue,78,colours::blue,0.9744277596473694,True,colours::blue|colours::orange|days and time::afternoon|places::office|greetings::good afternoon,0.97442776|0.02054208|0.00106347|0.00092758|0.00034391
ac995fd7d194f5402097,153,home::tool,153,home::tool,0.5498631000518799,True,home::tool|days and time::week|days and time::wednesday|jobs::soldier|jobs::lawyer,0.54986310|0.23373793|0.03380493|0.03163299|0.02802528
9406da175c19fba0eff1,175,means of transportation::plane,175,means of transportation::plane,0.9962860345840454,True,means of transportation::plane|people::sister|clothes::pocket|electronics::clock|adjectives::quiet,0.99628603|0.00123210|0.00066727|0.00037724|0.00017204
80f7a4bb5208495ec754,57,adjectives::wide,57,adjectives::wide,0.902983546257019,True,adjectives::wide|adjectives::narrow|adjectives::big large|home::bed|seasons::ex. monsoon,0.90298355|0.02769714|0.02242983|0.00841422|0.00452143
da60d0ec7356783523d4,181,people::baby,181,people::baby,0.994987964630127,True,people::baby|home::gift|adjectives::young|colours::colour|people::daughter,0.99498796|0.00270873|0.00030037|0.00029803|0.00018870
6a75f0df47d98e399cf2,171,means of transportation::bicycle,171,means of transportation::bicycle,0.999138593673706,True,means of transportation::bicycle|clothes::shoes|means of transportation::boat|animals::dog|animals::fish,0.99913859|0.00018081|0.00011359|0.00003371|0.00003204
05dfa71f5969edfa3eb5,184,people::child,184,people::child,0.9914235472679138,True,people::child|adjectives::bad|society::sign|home::key|days and time::today,0.99142355|0.00431303|0.00070408|0.00059522|0.00039342
7ddaea6bab3d6cbdb888,219,places::school,219,places::school,0.9928233623504639,True,places::school|jobs::student|home::book|home::soap|days and time::wednesday,0.99282336|0.00319719|0.00106259|0.00083730|0.00012015
be851cc7df89a4b71a0a,72,clothes::shirt,72,clothes::shirt,0.9990819692611694,True,clothes::shirt|clothes::shoes|home::bag|clothes::suit|people::family,0.99908197|0.00012378|0.00011904|0.00005324|0.00003925
64c01e893c41aaa413b1,35,adjectives::new,35,adjectives::new,0.9714210033416748,True,adjectives::new|adjectives::hot|adjectives::fast|days and time::morning|adjectives::old,0.97142100|0.01054153|0.00912293|0.00139359|0.00104375
7ef16521ccc4160a24dd,175,means of transportation::plane,175,means of transportation::plane,0.9956915974617004,True,means of transportation::plane|people::sister|electronics::clock|clothes::hat|clothes::pocket,0.99569160|0.00074978|0.00054216|0.00045833|0.00038445
8e9c285062361e8c0164,78,colours::blue,78,colours::blue,0.9824786186218262,True,colours::blue|adjectives::good|colours::orange|greetings::good afternoon|places::office,0.98247862|0.01296111|0.00163500|0.00044873|0.00037493
40fda9b6f6fa52df036d,39,adjectives::quiet,39,adjectives::quiet,0.9629860520362854,True,adjectives::quiet|days and time::second|adjectives::cool|people::woman|pronouns::you,0.96298605|0.00813846|0.00656503|0.00410829|0.00305302
06582875013ef6464f88,239,society::attack,239,society::attack,0.9876749515533447,True,society::attack|adjectives::famous|colours::black|adjectives::tall|greetings::good afternoon,0.98767495|0.00534736|0.00326878|0.00070142|0.00046543
70f78fe6df66fe017b0c,128,home::bag,128,home::bag,0.9988877177238464,True,home::bag|means of transportation::boat|seasons::winter|adjectives::rich|society::science,0.99888772|0.00012818|0.00011401|0.00010260|0.00005261
1fd429751ad8eb82bbd3,142,home::lock,142,home::lock,0.9961381554603577,True,home::lock|home::paper|days and time::monday|people::friend|places::school,0.99613816|0.00065427|0.00035991|0.00035572|0.00028140
702f53fd749e82ab0917,193,people::husband,193,people::husband,0.9880322217941284,True,people::husband|people::wife|people::father|jobs::actor|adjectives::shallow,0.98803222|0.00560602|0.00258675|0.00070168|0.00048037
d2343404621dd5a6618f,89,days and time::evening,89,days and time::evening,0.9911871552467346,True,days and time::evening|days and time::second|jobs::patient|pronouns::you (plural)|adjectives::curved,0.99118716|0.00260517|0.00133059|0.00063842|0.00049334
7c2fe861b7f428c7fcf5,70,clothes::pant,221,places::street or road,0.8151822090148926,False,places::street or road|adjectives::narrow|clothes::skirt|adjectives::long|clothes::pant,0.81518221|0.08071397|0.03471465|0.01815097|0.00971552
023bab1288443b6842ff,220,places::store or shop,220,places::store or shop,0.9811199307441711,True,places::store or shop|adjectives::flat|adjectives::loose|clothes::dress|clothes::shirt,0.98111993|0.00275576|0.00228461|0.00195413|0.00135888
af40b9f1188484cbaba0,34,adjectives::narrow,34,adjectives::narrow,0.9874489307403564,True,adjectives::narrow|days and time::week|electronics::radio|people::crowd|people::player,0.98744893|0.00815189|0.00052728|0.00037536|0.00035677
006c6e18107f289b3650,64,animals::fish,64,animals::fish,0.9955885410308838,True,animals::fish|days and time::hour|jobs::police|means of transportation::boat|people::sister,0.99558854|0.00146786|0.00039199|0.00025708|0.00024339
708eb527c0a1cbbbe0cd,64,animals::fish,64,animals::fish,0.9841285943984985,True,animals::fish|adjectives::slow|home::paint|days and time::hour|people::neighbour,0.98412859|0.00851438|0.00089741|0.00047848|0.00043907
e690a653bf0e6234b43b,191,people::grandfather,191,people::grandfather,0.9975547194480896,True,people::grandfather|means of transportation::train ticket|people::father|people::parent|greetings::how are you,0.99755472|0.00086800|0.00038068|0.00014850|0.00013680
d465b888688befe5106e,62,animals::cow,62,animals::cow,0.9986405968666077,True,animals::cow|electronics::camera|places::india|electronics::fan|adjectives::high,0.99864060|0.00019389|0.00014020|0.00010297|0.00009711
3e6fd2b6e1e9d0f9b598,241,society::bill,241,society::bill,0.9667611718177795,True,society::bill|days and time::wednesday|animals::cat|society::marriage|adjectives::dead,0.96676117|0.02596538|0.00183019|0.00104281|0.00023589
f64672223ec34442a712,44,adjectives::sick,44,adjectives::sick,0.9983357787132263,True,adjectives::sick|electronics::laptop|adjectives::strong|people::baby|days and time::tuesday,0.99833578|0.00031339|0.00013479|0.00010662|0.00008944
9f9511c602b2ea6ed326,129,home::bathroom,129,home::bathroom,0.9968392848968506,True,home::bathroom|home::bedroom|seasons::season|society::death|electronics::fan,0.99683928|0.00119020|0.00033571|0.00023163|0.00010441
ad4ea733eef023b0d5af,182,people::boy,182,people::boy,0.9972420930862427,True,people::boy|people::girl|people::son|pronouns::he|people::brother,0.99724209|0.00088830|0.00035334|0.00022025|0.00012599
c842053033c1ae78aff5,174,means of transportation::car,174,means of transportation::car,0.9975171089172363,True,means of transportation::car|home::letter|animals::cat|adjectives::dry|adjectives::shallow,0.99751711|0.00073090|0.00030588|0.00024387|0.00016436
8a7a7398587596d6ea2b,172,means of transportation::boat,64,animals::fish,0.4502592086791992,False,animals::fish|means of transportation::boat|adjectives::slow|adjectives::weak|means of transportation::bicycle,0.45025921|0.17023283|0.14847973|0.08009880|0.03695953
27c4006fc83bcdc9658b,220,places::store or shop,220,places::store or shop,0.9961957931518555,True,places::store or shop|adjectives::flat|jobs::lawyer|seasons::summer|adjectives::loose,0.99619579|0.00030191|0.00025723|0.00022349|0.00019341
fe2d0c1db0e66d8067f8,219,places::school,219,places::school,0.9908080697059631,True,places::school|jobs::student|home::book|home::soap|days and time::sunday,0.99080807|0.00297406|0.00146653|0.00070917|0.00063569
622560fe02499a0068d5,229,pronouns::they,229,pronouns::they,0.9967658519744873,True,pronouns::they|electronics::lamp|places::street or road|days and time::today|society::sign,0.99676585|0.00065981|0.00065213|0.00033832|0.00021089
142c7508deee41deb18f,81,colours::green,81,colours::green,0.9725915789604187,True,colours::green|society::god|places::office|colours::blue|greetings::good afternoon,0.97259158|0.00949778|0.00379274|0.00214422|0.00145085
d16c91c262e6a405fb57,175,means of transportation::plane,175,means of transportation::plane,0.9881811141967773,True,means of transportation::plane|people::sister|days and time::sunday|adjectives::quiet|people::queen,0.98818111|0.00399142|0.00079833|0.00077984|0.00061450
531be9c10794c343f505,86,colours::white,191,people::grandfather,0.5034844279289246,False,people::grandfather|places::park|jobs::teacher|animals::horse|adjectives::hard,0.50348443|0.21486077|0.03882455|0.02238232|0.01676358
dd111d8c776e74fe2a61,168,jobs::student,168,jobs::student,0.9975860118865967,True,jobs::student|adjectives::small little|seasons::spring|greetings::good morning|places::school,0.99758601|0.00064255|0.00050830|0.00011840|0.00010087
d809f3c6249c46ecfe5b,119,greetings::alright,119,greetings::alright,0.9891433119773865,True,greetings::alright|society::race (ethnicity)|jobs::lawyer|home::pen|people::friend,0.98914331|0.00638448|0.00125718|0.00034504|0.00015828
644f04e509fe3a894380,125,greetings::how are you,125,greetings::how are you,0.9985765218734741,True,greetings::how are you|adjectives::wet|society::peace|society::price|adjectives::healthy,0.99857652|0.00021376|0.00020719|0.00015397|0.00008019
5242e4fafce66b12b33b,56,adjectives::wet,56,adjectives::wet,0.9980545043945312,True,adjectives::wet|adjectives::dry|colours::green|adjectives::beautiful|adjectives::old,0.99805450|0.00064536|0.00029089|0.00014915|0.00009261
443b6ebdbebfc887b3b6,84,colours::pink,84,colours::pink,0.9782947897911072,True,colours::pink|colours::white|people::grandmother|greetings::pleased|adjectives::blind,0.97829479|0.01265630|0.00128788|0.00118183|0.00107187
1f3d24a5bc4bb2f2fb82,74,clothes::skirt,70,clothes::pant,0.8152905106544495,False,clothes::pant|clothes::skirt|places::store or shop|places::street or road|society::money,0.81529051|0.14963993|0.01063022|0.00258477|0.00184726
987a75f5f858b019b637,94,days and time::month,94,days and time::month,0.9856363534927368,True,days and time::month|days and time::year|home::book|jobs::soldier|animals::dog,0.98563635|0.00782520|0.00330048|0.00076279|0.00034516
6ad22fd5a12f4faf8b60,157,jobs::author,157,jobs::author,0.998835027217865,True,jobs::author|home::bedroom|jobs::reporter|home::letter|people::player,0.99883503|0.00017451|0.00013225|0.00011093|0.00009160
51bb94ca244f7db67309,142,home::lock,142,home::lock,0.9962987303733826,True,home::lock|home::paper|home::key|people::child|days and time::week,0.99629873|0.00110016|0.00064423|0.00015604|0.00008174
d8bb754317faf77aa7d6,234,seasons::fall,234,seasons::fall,0.9931566119194031,True,seasons::fall|pronouns::you|days and time::second|clothes::hat|days and time::evening,0.99315661|0.00204089|0.00052210|0.00034107|0.00027192
